candidate_id,source_id,source_file,page_start,page_end,chunk_type,suggested_question_type,generated_question,generated_answer,evidence_quote,warnings,review_status,final_question,final_answer,final_question_type,reviewer_notes
batch2::cross_doc_multi::ce9f24d22832,abb_manual_for_induction_motors_and_generators_en,abb_manual_for_induction_motors_and_generators_en.pdf,5,75,cross_doc_multi,cross_doc_multi,"When comparing the ABB motor and PowerFlex 520-series drive manuals, what common cause or symptom pattern appears across both documents?","Both documents point to related evidence: WARNING: Magnetic stray fields, caused by an open or disassembled permanent magnet synchronous machine or by a separate rotor of such a mach / Fault 2 Current F642 Fault 3 Current F643 Fault 4 Current F644 Fault 5 Current F645 Fault 6 Current","WARNING: Magnetic stray fields, caused by an open or disassembled permanent magnet synchronous
machine or by a separate rotor of such a machine, may disturb or damage other electrical
or electromagnetic equipment and components, such as cardiac pacemakers, credit cards
and equivalent.
WARNING: Loose metallic parts and waste must be prevented from entering the interior of the

Fault 2 Current F642
Fault 3 Current F643
Fault 4 Current F644
Fault 5 Current F645
Fault 6 Current",likely_table_broken; answer_not_exact_substring_of_evidence,,,,,
batch2::abstention_insufficient_evidence::e2a8ccc5b4a2,abb_manual_for_induction_motors_and_generators_en,abb_manual_for_induction_motors_and_generators_en.pdf,7,7,safety_and_constraint,abstention_insufficient_evidence,Can I confirm that the ABB motor is safe to restart right now without现场 inspection or live electrical measurements?,"The available manual evidence is not sufficient to answer reliably; this question needs live operating data, site-specific conditions, or external diagnostics.",,short_evidence_quote; answer_not_exact_substring_of_evidence,,,,,
batch2::safety_or_constraint::bd335c85c2c3,abb_manual_for_induction_motors_and_generators_en,abb_manual_for_induction_motors_and_generators_en.pdf,9,9,safety_and_constraint,safety_or_constraint,What safety precaution or limit should I follow for National Electric Code (NEC) on the ABB motor?,WARNING: Disconnect power and lock out the power switch before working on the machine or the driven equipment. Ensure that no explosive atmosphere is present while work is in progress. Special conditions,"WARNING: Disconnect power and lock out the power switch before working on the machine or
the driven equipment. Ensure that no explosive atmosphere is present while work is in
progress.
Special conditions",,,,,,
batch2::safety_or_constraint::9e28d7a41323,abb_manual_for_induction_motors_and_generators_en,abb_manual_for_induction_motors_and_generators_en.pdf,10,10,safety_and_constraint,safety_or_constraint,What safety precaution or limit should I follow for National Electric Code (NEC) on the ABB motor?,condensation heaters must be interlocked in such a way that they can only be energized when the motor is de-energized.,"condensation heaters must be interlocked in such a way that they can only be energized when the
motor is de-energized.
Pre-start ventilation
• Ex ec, Ex eb, Ex nA and Ex e machines may, or in some cases have to, be equipped with a provision for pre-start",,,,,,
batch2::safety_or_constraint::241a66a0d5e8,abb_manual_for_induction_motors_and_generators_en,abb_manual_for_induction_motors_and_generators_en.pdf,16,16,safety_and_constraint,safety_or_constraint,What safety precaution or limit should I follow for 1.4.1 Documentation of the machine on the ABB motor?,foundation • Location of lifting eyes of the machine • Instrumentation and location of accessories • Bearing oil and lubricant requirements,"foundation
• Location of lifting eyes of the machine
• Instrumentation and location of accessories
• Bearing oil and lubricant requirements",,,,,,
batch2::safety_or_constraint::08462c0b6ef6,abb_manual_for_induction_motors_and_generators_en,abb_manual_for_induction_motors_and_generators_en.pdf,30,30,safety_and_constraint,safety_or_constraint,What safety precaution or limit should I follow for TRANSPORT AND UNPACKING 30 on the ABB motor?,"The storage period, taken precautions and measurements, including dates, should be recorded. For relevant check- lists, see Appendix Commissioning report.","The storage period, taken precautions and measurements, including dates, should be recorded. For relevant check-
lists, see Appendix Commissioning report.",,,,,,
batch2::troubleshooting_step::11fd028e9e58,abb_manual_for_induction_motors_and_generators_en,abb_manual_for_induction_motors_and_generators_en.pdf,34,34,troubleshooting_procedure,troubleshooting_step,How should I troubleshoot INSTALLATION AND ALIGNMENT 34 on the ABB motor?,INSTALLATION AND ALIGNMENT 34 without damaging the bearings.,"INSTALLATION AND ALIGNMENT 34
without damaging the bearings. The expected axial thermal expansion of the rotor can be calculated as defined in
the Chapter 3.6.4 Correction for thermal expansion.
Following paragraph for mounting type: Vertical
Vertical machines may be designed to carry some load from the shaft of the driven machine. If this is the case, the",,,,,,
batch2::troubleshooting_step::53a02851509e,abb_manual_for_induction_motors_and_generators_en,abb_manual_for_induction_motors_and_generators_en.pdf,34,34,troubleshooting_procedure,troubleshooting_step,How should I troubleshoot INSTALLATION AND ALIGNMENT 34 on the ABB motor?,bearing with axial float The sleeve bearing construction allows the rotor to move axially between the mechanical end float limits.,"bearing with axial float
The sleeve bearing construction allows the rotor to move axially between the mechanical end float limits. Standard
bearings cannot withstand any axial forces from the driven machine. Any axial force from the load will cause bearing
damage. Therefore, all axial forces must be carried by the driven machine and the coupling must be of limited axial",,,,,,
batch2::troubleshooting_step::01cc5fb0abd0,abb_manual_for_induction_motors_and_generators_en,abb_manual_for_induction_motors_and_generators_en.pdf,45,45,troubleshooting_procedure,troubleshooting_step,How should I troubleshoot 1 Radial alignment on the ABB motor?,7.,"7. Fit the solid blocks or shims under the machine feet. Slacken the jacking screws and tighten the fixing bolts.
8. Check the alignment again. Make corrections if necessary.
9. Draw up a record for future checks.
10. Re-tighten nuts and lock the nuts by tack welds or hitting sufficiently hard with a center punch.
11. Dowel the feet of the machine for easy future re-installation of the machine, see Chapter 3.4.7.1 Do",short_generated_answer,,,,,
batch2::troubleshooting_step::9d7cf5fb7303,abb_manual_for_induction_motors_and_generators_en,abb_manual_for_induction_motors_and_generators_en.pdf,51,51,troubleshooting_procedure,troubleshooting_step,How should I troubleshoot 4.2.7 Roller bearing oil mist supply on the ABB motor?,Machines with oil mist lubrication are equipped with pipe connectors.,"Machines with oil mist lubrication are equipped with pipe connectors. Connect the oil circulating units.
Install the oil supply system near the machine. Before connecting the pipes to the bearings, test the oil supply system
by flowing rinsing oil through it. After this, remove the oil filter and clean it.
Install and connect the oil inlet and outlet pipes to the bearings.
NOTE: Do not drill holes through the frame d",,,,,,
batch2::abstention_insufficient_evidence::ab5325e8ebf8,abb_manual_for_induction_motors_and_generators_en,abb_manual_for_induction_motors_and_generators_en.pdf,58,58,safety_and_constraint,abstention_insufficient_evidence,Can I confirm that the ABB motor is safe to restart right now without现场 inspection or live electrical measurements?,"The available manual evidence is not sufficient to answer reliably; this question needs live operating data, site-specific conditions, or external diagnostics.",,short_evidence_quote; answer_not_exact_substring_of_evidence,,,,,
batch2::abstention_insufficient_evidence::66af431f0777,abb_manual_for_induction_motors_and_generators_en,abb_manual_for_induction_motors_and_generators_en.pdf,59,59,safety_and_constraint,abstention_insufficient_evidence,What exact values for relay settings are informed in the document value should I apply on the ABB motor for my current现场 condition if the manual does not include the needed operating data?,"The available manual evidence is not sufficient to answer reliably; this question needs live operating data, site-specific conditions, or external diagnostics.",,short_evidence_quote; answer_not_exact_substring_of_evidence,,,,,
batch2::cross_doc_multi::465fe5dd7920,abb_manual_for_induction_motors_and_generators_en,abb_manual_for_induction_motors_and_generators_en.pdf,59,144,cross_doc_multi,cross_doc_multi,"When comparing the ABB motor and PowerFlex 520-series drive manuals, what common cause or symptom pattern appears across both documents?",Both documents point to related evidence: recommended to apply the method described in Chapter 5.5.1 General when setting the temperature alarm. / ault.,"recommended to apply the method described in Chapter 5.5.1 General when setting the temperature alarm.
5.5.3.3 Thermistors
If the rolling bearings are equipped with thermistors (PTC), the operating temperature of the thermistors is found on
the Connection Diagram. The operating function can be chosen to be an alarm or a trip signal. If the rolling bearings
are equipped with two thermistors, both alarm and trip signal

ault. The codes appear in these parameters in the order that they occur (b007 [Fault 1 Code] = the most recent fault). Repetitive faults are
only recorded once.
Values
Default: Read Only
Min/Max: F0/F127",likely_table_broken; answer_not_exact_substring_of_evidence,,,,,
batch2::symptom_cause::854672fc8591,abb_manual_for_induction_motors_and_generators_en,abb_manual_for_induction_motors_and_generators_en.pdf,60,60,alarm_fault_code,symptom_cause,What could cause COMMISSIONING AND START-UP 60 on the ABB motor?,"• The starting, control, protection, and alarm relays of each device are inspected.","• The starting, control, protection, and alarm relays of each device are inspected.
• The insulation resistance of the windings and other equipment verified.
• The machine covers are assembled, and the shaft seals are tightly fitted in.
• The machine and the environment are cleaned.
Following bullet for protection type: Ex p",,,,,,
batch2::troubleshooting_step::e0024267a82d,abb_manual_for_induction_motors_and_generators_en,abb_manual_for_induction_motors_and_generators_en.pdf,62,62,troubleshooting_procedure,troubleshooting_step,How should I troubleshoot 5.7.3.1 Machines with rolling bearings on the ABB motor?,ease portions (3-10 times amount mentioned at the lubrication plate). NOTE: The re-lubrication interval will never be longer than 12 months. The type of original grease used is found on the bearing plate on the machine. Acceptable types of grease can be,"ease portions (3-10 times amount mentioned at the
lubrication plate).
NOTE: The re-lubrication interval will never be longer than 12 months.
The type of original grease used is found on the bearing plate on the machine. Acceptable types of grease can be",,,,,,
batch2::symptom_cause::44162bc27e41,abb_manual_for_induction_motors_and_generators_en,abb_manual_for_induction_motors_and_generators_en.pdf,63,63,alarm_fault_code,symptom_cause,What could cause 5.7.3.2 Machines with sleeve bearings on the ABB motor?,"For recommended settings for alarm and trip levels, see the main connection diagram.","For recommended settings for alarm and trip levels, see the main connection diagram.
Following chapter for cooling type: Air-to-air and air-to-water
5.7.6 Heat exchangers
Prior to start, check that the connections are tight and there is no leakage in the system. After running the machine
for some time, the cooling system should be checked. Verify that the cooling fluid, where applicable, and air is",,,,,,
batch2::troubleshooting_step::2e456cf1d205,abb_manual_for_induction_motors_and_generators_en,abb_manual_for_induction_motors_and_generators_en.pdf,76,76,troubleshooting_procedure,troubleshooting_step,How should I troubleshoot V V V V Condition on the ABB motor?,"nditions Measurement equipment The measurement equipment shall be capable of measuring broad-band r.m.s. vibration with flat response over a frequency range of at least 10 Hz to 1 000 Hz, in accordance with the requirements of ISO 2954. Depending on the","nditions
Measurement equipment
The measurement equipment shall be capable of measuring broad-band r.m.s. vibration with flat response over a
frequency range of at least 10 Hz to 1 000 Hz, in accordance with the requirements of ISO 2954. Depending on the",,,,,,
batch2::symptom_cause::75e25d678e86,abb_manual_for_induction_motors_and_generators_en,abb_manual_for_induction_motors_and_generators_en.pdf,78,78,alarm_fault_code,symptom_cause,What could cause C/D on the ABB motor?,Part 3: Coupled industrial machine.,"Part 3: Coupled industrial machine. Initial ALARM and TRIP values for shaft vibrations vary between machine types
and should be asked from the factory.
7.5 Maintenance of bearings and lubrication system
This chapter covers the most important maintenance tasks in the bearings and in the lubrication system.
Following chapters for bearing type: Sleeve bearing",,,,,,
batch2::cross_doc_multi::43e4d5338431,abb_manual_for_induction_motors_and_generators_en,abb_manual_for_induction_motors_and_generators_en.pdf,79,160,cross_doc_multi,cross_doc_multi,"When comparing the ABB motor and PowerFlex 520-series drive manuals, what common cause or symptom pattern appears across both documents?","Both documents point to related evidence: above the alarm limit can be caused either by increased losses in the bearing, or by decreased cooling capacity, it often indicates a proble / • Flashing fault number • Flashing fault indicator (LED) Press the Esc key to regain control of the display.","above the alarm limit can be caused either by increased losses in the bearing, or by decreased cooling capacity, it
often indicates a problem somewhere in the machine or in the lubrication system, and should therefore be closely
monitored.
The reasons for abnormal bearing temperature vary, but for some possible reason see Chapter 7.5.2 Lubrication of
sleeve bearings or Chapter 8.1.2 Lubrication system and bearings. I

• Flashing fault number
• Flashing fault indicator (LED)
Press the Esc key to regain control of the display.
Step Keys
1. Press Esc to acknowledge the fault. The fault information is removed so that you",likely_table_broken; answer_not_exact_substring_of_evidence,,,,,
batch2::safety_or_constraint::2fb879eaa180,abb_manual_for_induction_motors_and_generators_en,abb_manual_for_induction_motors_and_generators_en.pdf,85,85,safety_and_constraint,safety_or_constraint,What safety precaution or limit should I follow for 7.5.4.2 Cleanliness of bearing insulation on the ABB motor?,"Before conducting any maintenance work on the electrical windings, general electrical safety precautions are to be taken and local regulations are to be respected in order to prevent personnel accidents.","Before conducting any maintenance work on the electrical windings, general electrical safety precautions are to
be taken and local regulations are to be respected in order to prevent personnel accidents. See Chapter 7.2 Safety
precautions for more information.
Independent test and maintenance instructions can also be found in the following international standards:",,,,,,
batch2::safety_or_constraint::5ab7c97fc4b1,abb_manual_for_induction_motors_and_generators_en,abb_manual_for_induction_motors_and_generators_en.pdf,86,86,safety_and_constraint,safety_or_constraint,What safety precaution or limit should I follow for 7.6.1 Particular safety instructions for winding maintenance on the ABB motor?,NOTE: There are special instructions for handling dangerous substances during maintenance work.,"NOTE: There are special instructions for handling dangerous substances during maintenance
work. These instructions must be followed.
Some general safety measures during winding maintenance are as follows:
• Avoid breathing air fumes: ensure proper air circulation at the work site or use respiration masks.",,,,,,
batch2::abstention_insufficient_evidence::fd9a6a023539,abb_manual_for_induction_motors_and_generators_en,abb_manual_for_induction_motors_and_generators_en.pdf,92,92,alarm_fault_code,abstention_insufficient_evidence,What exact brush wear in mm/10 value should I apply on the ABB motor for my current现场 condition if the manual does not include the needed operating data?,"The available manual evidence is not sufficient to answer reliably; this question needs live operating data, site-specific conditions, or external diagnostics.",,short_evidence_quote; answer_not_exact_substring_of_evidence,,,,,
batch2::symptom_cause::84661495dade,abb_manual_for_induction_motors_and_generators_en,abb_manual_for_induction_motors_and_generators_en.pdf,95,95,alarm_fault_code,symptom_cause,What could cause 7.8.3.1 Air circulation on the ABB motor?,"If the temperature detectors show abnormal temperature or close to the alarm level in winding or in cooling air, the","If the temperature detectors show abnormal temperature or close to the alarm level in winding or in cooling air, the",,,,,,
batch2::abstention_insufficient_evidence::9d0c06867a75,abb_manual_for_induction_motors_and_generators_en,abb_manual_for_induction_motors_and_generators_en.pdf,97,97,troubleshooting_procedure,abstention_insufficient_evidence,"Can you determine whether the bearing on the ABB motor must be repaired immediately based only on the manual, without current现场 data?","The available manual evidence is not sufficient to answer reliably; this question needs live operating data, site-specific conditions, or external diagnostics.",,short_evidence_quote; answer_not_exact_substring_of_evidence,,,,,
batch2::troubleshooting_step::93b7c663a9b7,abb_manual_for_induction_motors_and_generators_en,abb_manual_for_induction_motors_and_generators_en.pdf,100,100,troubleshooting_procedure,troubleshooting_step,How should I troubleshoot 8.1.2.3 Sleeve bearings with flood lubrication on the ABB motor?,"d bearing Verify correct bearing assemblage and adjustments • • • Oil impurities Change oil, check bearing condition, replace bearing shells • • Bearing currents Restore bearing insulation, replace","d bearing Verify correct bearing assemblage and
adjustments
• • • Oil impurities Change oil, check bearing condition,
replace bearing shells
• • Bearing currents Restore bearing insulation, replace",,,,,,
batch2::troubleshooting_step::cdbec30b7f28,abb_manual_for_induction_motors_and_generators_en,abb_manual_for_induction_motors_and_generators_en.pdf,104,104,troubleshooting_procedure,troubleshooting_step,How should I troubleshoot Observed on the ABB motor?,"• Open the bearing, clean the surfaces and apply new sealant between the bearing housing halves.","• Open the bearing, clean the surfaces and apply new sealant between the bearing housing halves.
• Verify that there is nothing, which might cause low pressure next to the bearing. A shaft or coupling cover can
for instance be designed so that it will cause low pressure near the bearing.
• Verify that there is no overpressure inside the bearing. Overpressure may be entering the bearing through the
oil outlet piping f",heading_like_question_subject,,,,,
batch2::troubleshooting_step::3a2991c38174,abb_manual_for_induction_motors_and_generators_en,abb_manual_for_induction_motors_and_generators_en.pdf,105,105,troubleshooting_procedure,troubleshooting_step,How should I troubleshoot 8.2.2 Sleeve bearings on the ABB motor?,1.,"1. Re-tighten the bearing housing.
This is especially important during the commissioning of the machine, or if the machine has been standing still
for a longer period, as the parts may set.
If the bearing housing halves are not in a tight fit in respect to each other, the oil might wash away the sealant",short_generated_answer,,,,,
batch2::troubleshooting_step::474fedb35d3c,abb_manual_for_induction_motors_and_generators_en,abb_manual_for_induction_motors_and_generators_en.pdf,116,116,troubleshooting_procedure,troubleshooting_step,How should I troubleshoot Contact the Global Technical Support Center Finland by on the ABB motor?,Contact the Global Technical Support Center Finland by: • Phone 7 am - 5 pm (GMT +2): +358(0)10 22 11 • 24-Hour Supprt Line: +358(0)10 22 21 999 • E-mail for sales: machines.service@fi.abb.com,"Contact the Global Technical Support Center Finland by:
• Phone 7 am - 5 pm (GMT +2): +358(0)10 22 11
• 24-Hour Supprt Line: +358(0)10 22 21 999
• E-mail for sales: machines.service@fi.abb.com",,,,,,
batch2::safety_or_constraint::b8a4ff4bde64,abb_manual_for_induction_motors_and_generators_en,abb_manual_for_induction_motors_and_generators_en.pdf,121,121,safety_and_constraint,safety_or_constraint,What safety precaution or limit should I follow for 10.1 Introduction on the ABB motor?,sea is made of impregnated wood that must be recycled according to local regulations.,"sea is made of impregnated wood that must be
recycled according to local regulations.
• Plastic material around the machine can be recycled.
• Any anti-corrosive agent covering the machine surface can be removed using a petrol based detergent and a",,,,,,
batch2::symptom_cause::715c138cb4cf,abb_manual_for_induction_motors_and_generators_en,abb_manual_for_induction_motors_and_generators_en.pdf,127,127,alarm_fault_code,symptom_cause,What could cause Bearing oil: Manufacturer:__________________ Type:_________________________ on the ABB motor?,"Jack-up pumps checked: no yes, alarm setting:_____kPa, relief valve setting:______kPa Oil filters checked: no yes Grease lubricated bearings: Grease: Manufacturer:__________________ Type:_________________________ The grease quality is the s","Jack-up pumps checked: no yes, alarm setting:_____kPa, relief valve setting:______kPa
Oil filters checked: no yes
Grease lubricated bearings:
Grease: Manufacturer:__________________ Type:_________________________
The grease quality is the same as",,,,,,
batch2::abstention_insufficient_evidence::64764b718a25,grundfos_nbe_nbse_nke_tpe_tped_installation_and_operating_instructions,grundfos_nbe_nbse_nke_tpe_tped_installation_and_operating_instructions.pdf,4,4,safety_and_constraint,abstention_insufficient_evidence,Can I confirm that the Grundfos pump is safe to restart right now without现场 inspection or live electrical measurements?,"The available manual evidence is not sufficient to answer reliably; this question needs live operating data, site-specific conditions, or external diagnostics.",,short_evidence_quote; answer_not_exact_substring_of_evidence,,,,,
batch2::safety_or_constraint::cad823456626,grundfos_nbe_nbse_nke_tpe_tped_installation_and_operating_instructions,grundfos_nbe_nbse_nke_tpe_tped_installation_and_operating_instructions.pdf,5,5,safety_and_constraint,safety_or_constraint,What safety precaution or limit should I follow for 2.4 Radio communication on the Grundfos pump?,into an external load which must return it to ground (earth). DI Digital input. DO Digital output.,"into an external load which must return it to ground
(earth).
DI Digital input.
DO Digital output.",likely_table_broken,,,,,
batch2::definition_or_component_lookup::0b36f1b10753,grundfos_nbe_nbse_nke_tpe_tped_installation_and_operating_instructions,grundfos_nbe_nbse_nke_tpe_tped_installation_and_operating_instructions.pdf,6,6,safety_and_constraint,definition_or_component_lookup,What does motor refer to on the Grundfos pump?,"ver to the motor, observe the guidelines in section 4.4 Ensuring motor cooling . TM05 3496 3512 In order to maintain the UL mark, additional","ver to the motor, observe the
guidelines in section 4.4 Ensuring motor cooling .
TM05 3496 3512
In order to maintain the UL mark, additional",definition_fallback_candidate,,,,,
batch2::safety_or_constraint::c3b44218fff8,grundfos_nbe_nbse_nke_tpe_tped_installation_and_operating_instructions,grundfos_nbe_nbse_nke_tpe_tped_installation_and_operating_instructions.pdf,6,6,safety_and_constraint,safety_or_constraint,What safety precaution or limit should I follow for 4.4 Ensuring motor cooling on the Grundfos pump?,regulations. All operations must be carried out by a qualified electrician. Carry out the electrical connecti on according to local regulati ons. Check that the supply voltage and frequency correspond to the,"regulations. All operations must be carried out by a qualified
electrician.
Carry out the electrical connecti on according to local regulati ons.
Check that the supply voltage and frequency correspond to the",,,,,,
batch2::safety_or_constraint::6084669eb16c,grundfos_nbe_nbse_nke_tpe_tped_installation_and_operating_instructions,grundfos_nbe_nbse_nke_tpe_tped_installation_and_operating_instructions.pdf,9,9,safety_and_constraint,safety_or_constraint,What safety precaution or limit should I follow for 5.5 Connection terminals on the Grundfos pump?,DANGER Electric shock Death or serious personal injury - Make sure that the wires to be connected to the,"DANGER
Electric shock
Death or serious personal injury
- Make sure that the wires to be connected to the",likely_table_broken,,,,,
batch2::symptom_cause::5cae73609025,grundfos_nbe_nbse_nke_tpe_tped_installation_and_operating_instructions,grundfos_nbe_nbse_nke_tpe_tped_installation_and_operating_instructions.pdf,11,11,alarm_fault_code,symptom_cause,What could cause 5.6 Signal cables on the Grundfos pump?,of the E-pump. See section 5.6 Signal cables for additional details. Fig. 10 Danfoss sensor 5.7 Bus connection cable,"of the E-pump.
See section 5.6 Signal cables for additional details.
Fig. 10 Danfoss sensor
5.7 Bus connection cable",likely_table_broken,,,,,
batch2::abstention_insufficient_evidence::b71c260253b5,grundfos_nbe_nbse_nke_tpe_tped_installation_and_operating_instructions,grundfos_nbe_nbse_nke_tpe_tped_installation_and_operating_instructions.pdf,13,13,safety_and_constraint,abstention_insufficient_evidence,Can I confirm that the Grundfos pump is safe to restart right now without现场 inspection or live electrical measurements?,"The available manual evidence is not sufficient to answer reliably; this question needs live operating data, site-specific conditions, or external diagnostics.",,short_evidence_quote; answer_not_exact_substring_of_evidence,,,,,
batch2::safety_or_constraint::f48fcbd295f5,grundfos_nbe_nbse_nke_tpe_tped_installation_and_operating_instructions,grundfos_nbe_nbse_nke_tpe_tped_installation_and_operating_instructions.pdf,13,13,safety_and_constraint,safety_or_constraint,What safety precaution or limit should I follow for 6.6 Motor cooling on the Grundfos pump?,"• The temperature of the cooling air must not exceed 122 °F (50 °C) (for 3 x 380-500 V), or 104 °F (40 °C) (for 1 x 200-230 V o r 3 x 200-240 V). • Keep cooling fins and fan blades clean.","• The temperature of the cooling air must not exceed 122 °F (50
°C) (for 3 x 380-500 V), or 104 °F (40 °C) (for 1 x 200-230 V o r
3 x 200-240 V).
• Keep cooling fins and fan blades clean.",,,,,,
batch2::symptom_cause::98194a215cee,grundfos_nbe_nbse_nke_tpe_tped_installation_and_operating_instructions,grundfos_nbe_nbse_nke_tpe_tped_installation_and_operating_instructions.pdf,14,14,alarm_fault_code,symptom_cause,What could cause 8.1.1 Pump in differential-pressure control mode on the Grundfos pump?,"8.1.1 Pump in differential-pressure control mode The following example applies to a pump in an application where a pressure sensor gives a feedback to the pump. If you retrofit the sensor to the pump, set it m anually as the pump does not","8.1.1 Pump in differential-pressure control mode
The following example applies to a pump in an application where
a pressure sensor gives a feedback to the pump. If you retrofit the
sensor to the pump, set it m anually as the pump does not",,,,,,
batch2::symptom_cause::70d50164b7af,grundfos_nbe_nbse_nke_tpe_tped_installation_and_operating_instructions,grundfos_nbe_nbse_nke_tpe_tped_installation_and_operating_instructions.pdf,15,15,alarm_fault_code,symptom_cause,What could cause English (US) on the Grundfos pump?,"Saves changed values, r esets alarms and expands the value field.","Saves changed values, r esets alarms and
expands the value field.",,,,,,
batch2::safety_or_constraint::c185c78a6dee,grundfos_nbe_nbse_nke_tpe_tped_installation_and_operating_instructions,grundfos_nbe_nbse_nke_tpe_tped_installation_and_operating_instructions.pdf,23,23,safety_and_constraint,safety_or_constraint,What safety precaution or limit should I follow for English (US) on the Grundfos pump?,"""Alarms and warnings"" NBE, NBSE, NKE, TPE,","""Alarms and warnings""
NBE,
NBSE,
NKE, TPE,",likely_table_broken,,,,,
batch2::definition_or_component_lookup::3fb2eeaab504,grundfos_nbe_nbse_nke_tpe_tped_installation_and_operating_instructions,grundfos_nbe_nbse_nke_tpe_tped_installation_and_operating_instructions.pdf,29,29,parameter_and_configuration,definition_or_component_lookup,What does pump refer to on the Grundfos pump?,"Diff. press.,pump 5 Operating mode 6 Press. 2, external 7 Diff. press., ext. 8","Diff. press.,pump 5
Operating mode 6
Press. 2, external 7
Diff. press., ext. 8",definition_fallback_candidate; likely_table_broken,,,,,
batch2::definition_or_component_lookup::a19cfd57b4ef,grundfos_nbe_nbse_nke_tpe_tped_installation_and_operating_instructions,grundfos_nbe_nbse_nke_tpe_tped_installation_and_operating_instructions.pdf,29,29,parameter_and_configuration,definition_or_component_lookup,What does pump refer to on the Grundfos pump?,"module, FM 300 . Set the analog input for a feedback sensor via the Assisted pump setup menu. See section 11.41 Assisted pump setup . If you want to set an analog input for other purposes, you can do","module, FM 300 .
Set the analog input for a feedback sensor via the Assisted pump
setup menu. See section 11.41 Assisted pump setup .
If you want to set an analog input for other purposes, you can do",definition_fallback_candidate,,,,,
batch2::cross_doc_multi::d458b60959b3,grundfos_nbe_nbse_nke_tpe_tped_installation_and_operating_instructions,grundfos_nbe_nbse_nke_tpe_tped_installation_and_operating_instructions.pdf,31,145,cross_doc_multi,cross_doc_multi,"When comparing the Grundfos pump and PowerFlex 520-series drive manuals, what common cause or symptom pattern appears across both documents?","Both documents point to related evidence: • External fault When the input is activated, a timer is started. / F646 [Fault 6 Current] F648 [Fault 8 Current] F650 [Fault10 Current] PowerFlex 525 only F647 [Fault 7 Current]","• External fault
When the input is activated, a timer is started. If the input i s
activated for more than 5 seconds, the pump stops and a fault
is indicated. This function d epends on input from external
equipment.

F646 [Fault 6 Current]
F648 [Fault 8 Current]
F650 [Fault10 Current]
PowerFlex 525 only
F647 [Fault 7 Current]",likely_table_broken; answer_not_exact_substring_of_evidence,,,,,
batch2::symptom_cause::0a4fe3feaa1e,grundfos_nbe_nbse_nke_tpe_tped_installation_and_operating_instructions,grundfos_nbe_nbse_nke_tpe_tped_installation_and_operating_instructions.pdf,31,31,alarm_fault_code,symptom_cause,What could cause Function on the Grundfos pump?,"t. • Dry running When this function has been selected, lack of inlet pressure or water shortage can be detected. When lack of inlet pressure","t.
• Dry running
When this function has been selected, lack of inlet pressure or
water shortage can be detected. When lack of inlet pressure",,,,,,
batch2::symptom_cause::aa60a27b3cf6,grundfos_nbe_nbse_nke_tpe_tped_installation_and_operating_instructions,grundfos_nbe_nbse_nke_tpe_tped_installation_and_operating_instructions.pdf,31,31,alarm_fault_code,symptom_cause,What could cause Function on the Grundfos pump?,"o digital input 2. When digital inputs are set to predefined setpoint, the pump operates according to a setpoint based on the combination of the activated digital inputs. See section 11.16.2 ""Predefined","o digital input 2.
When digital inputs are set to predefined setpoint, the pump
operates according to a setpoint based on the combination of
the activated digital inputs. See section 11.16.2 ""Predefined",,,,,,
batch2::cross_doc_multi::7a49af935bc2,grundfos_nbe_nbse_nke_tpe_tped_installation_and_operating_instructions,grundfos_nbe_nbse_nke_tpe_tped_installation_and_operating_instructions.pdf,32,146,cross_doc_multi,cross_doc_multi,"When comparing the Grundfos pump and PowerFlex 520-series drive manuals, what common cause or symptom pattern appears across both documents?","Both documents point to related evidence: • External fault • Alarm resetting • Dry running • Accumulated flow • ""Predefined setpoint digit / Fault and Diagnostic Group (continued) F661 [Status @ Fault 1] F663 [Status @ Fault 3] F665 [Status @ Fault 5] F662 [Status @ Fault 2] Relat","• External fault
• Alarm resetting
• Dry running
• Accumulated flow
• ""Predefined setpoint digit

Fault and Diagnostic Group (continued)
F661 [Status @ Fault 1]
F663 [Status @ Fault 3]
F665 [Status @ Fault 5]
F662 [Status @ Fault 2] Related Parameters: b006",likely_table_broken; answer_not_exact_substring_of_evidence,,,,,
batch2::abstention_insufficient_evidence::c5f463cc1e18,grundfos_nbe_nbse_nke_tpe_tped_installation_and_operating_instructions,grundfos_nbe_nbse_nke_tpe_tped_installation_and_operating_instructions.pdf,33,33,safety_and_constraint,abstention_insufficient_evidence,Can I confirm that the Grundfos pump is safe to restart right now without现场 inspection or live electrical measurements?,"The available manual evidence is not sufficient to answer reliably; this question needs live operating data, site-specific conditions, or external diagnostics.",,short_evidence_quote; answer_not_exact_substring_of_evidence,,,,,
batch2::abstention_insufficient_evidence::3a58509426ed,grundfos_nbe_nbse_nke_tpe_tped_installation_and_operating_instructions,grundfos_nbe_nbse_nke_tpe_tped_installation_and_operating_instructions.pdf,34,34,safety_and_constraint,abstention_insufficient_evidence,Can I confirm that the Grundfos pump is safe to restart right now without现场 inspection or live electrical measurements?,"The available manual evidence is not sufficient to answer reliably; this question needs live operating data, site-specific conditions, or external diagnostics.",,short_evidence_quote; answer_not_exact_substring_of_evidence,,,,,
batch2::cross_doc_multi::7495ff40cec9,grundfos_nbe_nbse_nke_tpe_tped_installation_and_operating_instructions,grundfos_nbe_nbse_nke_tpe_tped_installation_and_operating_instructions.pdf,38,144,cross_doc_multi,cross_doc_multi,"When comparing the Grundfos pump and PowerFlex 520-series drive manuals, what common cause or symptom pattern appears across both documents?","Both documents point to related evidence: • ""Warning/alarm"" There is a warning. • Stop The pump stops. • Min. / factory default.","• ""Warning/alarm""
There is a warning.
• Stop
The pump stops.
• Min.

factory default.
When a parameter has its default value changed, it is automatically added to
this group. When a parameter has its value changed back to the factory default,
it is automatically removed from this group.
Fault and Diagnostic Group",likely_table_broken; answer_not_exact_substring_of_evidence,,,,,
batch2::safety_or_constraint::7838b1d14b81,grundfos_nbe_nbse_nke_tpe_tped_installation_and_operating_instructions,grundfos_nbe_nbse_nke_tpe_tped_installation_and_operating_instructions.pdf,40,40,safety_and_constraint,safety_or_constraint,What safety precaution or limit should I follow for 11.21 Motor bearing monitoring on the Grundfos pump?,"gives a warning when the motor bearings are to be replaced. When you have replaced the motor bearings, confirm this action by pressing [Bea rings replaced]. 11.23 ""Number"" ( Pump number )","gives a warning when the motor bearings are to be replaced.
When you have replaced the motor bearings, confirm this action
by pressing [Bea rings replaced].
11.23 ""Number"" ( Pump number )",,,,,,
batch2::safety_or_constraint::82e1a21fd4b3,grundfos_nbe_nbse_nke_tpe_tped_installation_and_operating_instructions,grundfos_nbe_nbse_nke_tpe_tped_installation_and_operating_instructions.pdf,40,40,safety_and_constraint,safety_or_constraint,What safety precaution or limit should I follow for 11.21 Motor bearing monitoring on the Grundfos pump?,"Not active , but a warning is not given when it is time for replacement. When the function is changed to ""A ctive"" again, the accumulated mileage is again used to cal culate the replacement time.","Not active , but a warning is not given when it is time for
replacement.
When the function is changed to ""A ctive"" again, the accumulated
mileage is again used to cal culate the replacement time.",,,,,,
batch2::safety_or_constraint::e39ec51ec593,grundfos_nbe_nbse_nke_tpe_tped_installation_and_operating_instructions,grundfos_nbe_nbse_nke_tpe_tped_installation_and_operating_instructions.pdf,42,42,safety_and_constraint,safety_or_constraint,What safety precaution or limit should I follow for English (US) on the Grundfos pump?,"Pump variant Warning log NBE, NBSE, NKE, TPE, TPED ● NBE, NBSE, NKE, TPE, TPED Series 2000 ●","Pump variant Warning log
NBE, NBSE, NKE, TPE, TPED ●
NBE, NBSE, NKE, TPE, TPED
Series 2000 ●",likely_table_broken,,,,,
batch2::abstention_insufficient_evidence::dd3c7f691c8b,grundfos_nbe_nbse_nke_tpe_tped_installation_and_operating_instructions,grundfos_nbe_nbse_nke_tpe_tped_installation_and_operating_instructions.pdf,43,43,alarm_fault_code,abstention_insufficient_evidence,"Can you determine whether the pump on the Grundfos pump must be repaired immediately based only on the manual, without current现场 data?","The available manual evidence is not sufficient to answer reliably; this question needs live operating data, site-specific conditions, or external diagnostics.",,short_evidence_quote; answer_not_exact_substring_of_evidence,,,,,
batch2::symptom_cause::2a43740b9e3f,grundfos_nbe_nbse_nke_tpe_tped_installation_and_operating_instructions,grundfos_nbe_nbse_nke_tpe_tped_installation_and_operating_instructions.pdf,43,43,alarm_fault_code,symptom_cause,What could cause 11.41 Assisted pump setup on the Grundfos pump?,11.41 Assisted pump setup The menu guides you through the following: Setting of pump • Selection of control mode. See page 24.,"11.41 Assisted pump setup
The menu guides you through the following:
Setting of pump
• Selection of control mode. See page 24.",,,,,,
batch2::symptom_cause::4cb840e78d67,grundfos_nbe_nbse_nke_tpe_tped_installation_and_operating_instructions,grundfos_nbe_nbse_nke_tpe_tped_installation_and_operating_instructions.pdf,43,43,alarm_fault_code,symptom_cause,What could cause 11.41 Assisted pump setup on the Grundfos pump?,takes over if the running pump stops due to an alarm.,"takes over if the running pump stops due to an alarm.
Each pump requires a non-return v alve in series with the pump.
You can choose between two alternating operation modes:
• ""Alternating operation, time""
Pump changeover to the other is based on time.",,,,,,
batch2::symptom_cause::dbbb0d013861,grundfos_nbe_nbse_nke_tpe_tped_installation_and_operating_instructions,grundfos_nbe_nbse_nke_tpe_tped_installation_and_operating_instructions.pdf,43,43,alarm_fault_code,symptom_cause,What could cause 11.41 Assisted pump setup on the Grundfos pump?,fications. 8. Select electrical input si gnal according to the sensor specifications. 9. Set the setpoint.,"fications.
8. Select electrical input si gnal according to the sensor
specifications.
9. Set the setpoint.",likely_table_broken,,,,,
batch2::abstention_insufficient_evidence::15477ad4f784,grundfos_nbe_nbse_nke_tpe_tped_installation_and_operating_instructions,grundfos_nbe_nbse_nke_tpe_tped_installation_and_operating_instructions.pdf,50,50,safety_and_constraint,abstention_insufficient_evidence,Can I confirm that the Grundfos pump is safe to restart right now without现场 inspection or live electrical measurements?,"The available manual evidence is not sufficient to answer reliably; this question needs live operating data, site-specific conditions, or external diagnostics.",,short_evidence_quote; answer_not_exact_substring_of_evidence,,,,,
batch2::safety_or_constraint::17f601b9979e,grundfos_nbe_nbse_nke_tpe_tped_installation_and_operating_instructions,grundfos_nbe_nbse_nke_tpe_tped_installation_and_operating_instructions.pdf,55,55,safety_and_constraint,safety_or_constraint,What safety precaution or limit should I follow for English (US) on the Grundfos pump?,Do not twist the cable more than 90 °. TM05 5354 3612TM05 5355 3612TM05 5356 3612 DANGER Electric shock,"Do not twist the cable more than 90 °.
TM05 5354 3612TM05 5355 3612TM05 5356 3612
DANGER
Electric shock",,,,,,
batch2::symptom_cause::148ff6a3e20d,grundfos_nbe_nbse_nke_tpe_tped_installation_and_operating_instructions,grundfos_nbe_nbse_nke_tpe_tped_installation_and_operating_instructions.pdf,57,57,alarm_fault_code,symptom_cause,What could cause English (US) on the Grundfos pump?,Ri equal to 292 Ω. Current overload protection: Yes. Change to voltage signal. Measurement tolerance: - 0/+ 3 % of full scale (maximum-point coverage).,"Ri equal to 292 Ω.
Current overload protection: Yes. Change to voltage signal.
Measurement tolerance: - 0/+ 3 % of full scale (maximum-point
coverage).",,,,,,
batch2::symptom_cause::6ee8b8da31e5,grundfos_nbe_nbse_nke_tpe_tped_installation_and_operating_instructions,grundfos_nbe_nbse_nke_tpe_tped_installation_and_operating_instructions.pdf,57,57,alarm_fault_code,symptom_cause,What could cause English (US) on the Grundfos pump?,"English (US) 26. Inputs and outputs Ground reference, GND All voltages refer to GND.","English (US)
26. Inputs and outputs
Ground reference, GND
All voltages refer to GND.",likely_table_broken,,,,,
batch2::abstention_insufficient_evidence::b8aa33c42f71,grundfos_nbe_nbse_nke_tpe_tped_installation_and_operating_instructions,grundfos_nbe_nbse_nke_tpe_tped_installation_and_operating_instructions.pdf,61,61,troubleshooting_procedure,abstention_insufficient_evidence,"Can you determine whether the motor on the Grundfos pump must be repaired immediately based only on the manual, without current现场 data?","The available manual evidence is not sufficient to answer reliably; this question needs live operating data, site-specific conditions, or external diagnostics.",,short_evidence_quote; answer_not_exact_substring_of_evidence,,,,,
batch2::troubleshooting_step::e85ce582a710,grundfos_nbe_nbse_nke_tpe_tped_installation_and_operating_instructions,grundfos_nbe_nbse_nke_tpe_tped_installation_and_operating_instructions.pdf,61,61,troubleshooting_procedure,troubleshooting_step,How should I troubleshoot for Electronically Protected Motors on the Grundfos pump?,additional installati on instructions. The UL approval is according to UL 1004-1. TM05 7572 1213TM05 7573 1213 Stop Identification numbers,"additional installati on instructions.
The UL approval is according to UL 1004-1.
TM05 7572 1213TM05 7573 1213
Stop
Identification numbers",likely_table_broken,,,,,
batch2::definition_or_component_lookup::c68091f34a95,grundfos_nbe_nbse_nke_tpe_tped_installation_and_operating_instructions,grundfos_nbe_nbse_nke_tpe_tped_installation_and_operating_instructions.pdf,66,66,parameter_and_configuration,definition_or_component_lookup,What does motor refer to on the Grundfos pump?,"Si el motor se protege empleando fusibles, estos deberán poseer una tensión nominal de 480 V. Los tamaños máximos se indican en la tabla anterior. Los motores con potencias de hasta 3.00 HP (2.20 kW) requieren","Si el motor se protege empleando fusibles, estos deberán poseer
una tensión nominal de 480 V. Los tamaños máximos se indican
en la tabla anterior.
Los motores con potencias de hasta 3.00 HP (2.20 kW) requieren",definition_fallback_candidate,,,,,
batch2::parameter_or_fault_code::9d6a5b4d0964,grundfos_nbe_nbse_nke_tpe_tped_installation_and_operating_instructions,grundfos_nbe_nbse_nke_tpe_tped_installation_and_operating_instructions.pdf,66,66,parameter_and_configuration,parameter_or_fault_code,Which setting or parameter matters for 1.4.2 Pares de ajuste on the Grundfos pump?,"interruptor de circuito, es te deberá poseer una tensión nominal máxima de 480 V. El interrup- tor de circuito debe ser de ""tiempo inverso"". El nivel nominal de interrupci ón (amperes simétricos RMS) no","interruptor de circuito, es te
deberá poseer una tensión nominal máxima de 480 V. El interrup-
tor de circuito debe ser de ""tiempo inverso"".
El nivel nominal de interrupci ón (amperes simétricos RMS) no",,,,,,
batch2::safety_or_constraint::94d93354ba0c,haascnc_com_rotary_troubleshooting_guide_ngc,haascnc.com-Rotary - Troubleshooting Guide - NGC.pdf,4,4,safety_and_constraint,safety_or_constraint,What safety precaution or limit should I follow for LARGE on the Haas rotary unit?,"Caution: If the A axis (tilt) moves more than 20 degrees past the home position, Push [EMERGENCY STOP]","Caution: If the A axis (tilt) moves
more than 20 degrees past the
home position,
Push [EMERGENCY STOP]",likely_table_broken,,,,,
batch2::abstention_insufficient_evidence::b4f782498c02,haascnc_com_rotary_troubleshooting_guide_ngc,haascnc.com-Rotary - Troubleshooting Guide - NGC.pdf,5,5,alarm_fault_code,abstention_insufficient_evidence,My Haas rotary unit is showing Alarm 175; can you tell me the exact root cause right now without any live measurements?,"The available manual evidence is not sufficient to answer reliably; this question needs live operating data, site-specific conditions, or external diagnostics.",,short_evidence_quote; answer_not_exact_substring_of_evidence,,,,,
batch2::troubleshooting_step::7c70b07f35e6,haascnc_com_rotary_troubleshooting_guide_ngc,haascnc.com-Rotary - Troubleshooting Guide - NGC.pdf,9,9,troubleshooting_procedure,troubleshooting_step,How should I troubleshoot BRAKE WAS on the Haas rotary unit?,Test the solenoid. Pressure switch failure. Test the pressure switch to see if it is working.,"Test the solenoid.
Pressure switch
failure.
Test the pressure switch to see if it
is working.",likely_table_broken,,,,,
batch2::troubleshooting_step::328109b85f49,haascnc_com_rotary_troubleshooting_guide_ngc,haascnc.com-Rotary - Troubleshooting Guide - NGC.pdf,10,10,troubleshooting_procedure,troubleshooting_step,How should I troubleshoot BRAKE WAS on the Haas rotary unit?,"compressor is turned off at night, and air pressure builds up slowly after","compressor is
turned off at
night, and air
pressure builds
up slowly after",likely_table_broken,,,,,
batch2::troubleshooting_step::e5fb15ebdcbb,haascnc_com_rotary_troubleshooting_guide_ngc,haascnc.com-Rotary - Troubleshooting Guide - NGC.pdf,10,10,troubleshooting_procedure,troubleshooting_step,How should I troubleshoot BRAKE WAS on the Haas rotary unit?,Compressed air can push chips under the brake plate and the platter.,"Compressed air
can push chips
under the brake
plate and the
platter.",likely_table_broken,,,,,
batch2::abstention_insufficient_evidence::c7b94aab3339,haascnc_com_rotary_troubleshooting_guide_ngc,haascnc.com-Rotary - Troubleshooting Guide - NGC.pdf,11,11,alarm_fault_code,abstention_insufficient_evidence,My Haas rotary unit is showing Alarm 4011; can you tell me the exact root cause right now without any live measurements?,"The available manual evidence is not sufficient to answer reliably; this question needs live operating data, site-specific conditions, or external diagnostics.",,short_evidence_quote; answer_not_exact_substring_of_evidence,,,,,
batch2::symptom_cause::151ed9280edb,haascnc_com_rotary_troubleshooting_guide_ngc,haascnc.com-Rotary - Troubleshooting Guide - NGC.pdf,11,11,alarm_fault_code,symptom_cause,What could cause Incorrect on the Haas rotary unit?,Faulty solenoid. Test the solenoid. Damaged brake booster seals.,"Faulty
solenoid.
Test the solenoid.
Damaged brake
booster seals.",likely_table_broken,,,,,
batch2::cross_doc_multi::e799f5aaff27,haascnc_com_rotary_troubleshooting_guide_ngc,haascnc.com-Rotary - Troubleshooting Guide - NGC.pdf,14,244,cross_doc_multi,cross_doc_multi,"When comparing the Haas rotary unit and PowerFlex 520-series drive manuals, what common cause or symptom pattern appears across both documents?",Both documents point to related evidence: FAULT) (Software has reportrd an internal fault of a type that is / fault F111 “Safety Hardware” wi ll occur.,"FAULT)
(Software has
reportrd an
internal fault of
a type that is

fault F111 “Safety Hardware” wi ll occur. However, if S1 is disable and S2 follows
before the discrepancy time, fault F059 “Safety Open” occurs.
The discrepancy time is one second for PowerFlex 525 FRN 5.xxx and later. The
discrepancy time is 10 milliseconds for PowerFlex 525 FRN 4.xxx and earlier.",likely_table_broken; answer_not_exact_substring_of_evidence,,,,,
batch2::troubleshooting_step::3ab02ba4425b,haascnc_com_rotary_troubleshooting_guide_ngc,haascnc.com-Rotary - Troubleshooting Guide - NGC.pdf,17,17,troubleshooting_procedure,troubleshooting_step,How should I troubleshoot CIRCUIT on the Haas rotary unit?,"Inspect the motor for short circuit condition and determine the cause. If it is found to be coolant related, replace the enclosure gasket on the servo motor housing or apply","Inspect the motor for short circuit
condition and determine the cause.
If it is found to be coolant related,
replace the enclosure gasket on
the servo motor housing or apply",,,,,,
batch2::abstention_insufficient_evidence::55917265aeb6,haascnc_com_rotary_troubleshooting_guide_ngc,haascnc.com-Rotary - Troubleshooting Guide - NGC.pdf,19,19,safety_and_constraint,abstention_insufficient_evidence,What exact has value should I apply on the Haas rotary unit for my current现场 condition if the manual does not include the needed operating data?,"The available manual evidence is not sufficient to answer reliably; this question needs live operating data, site-specific conditions, or external diagnostics.",,short_evidence_quote; answer_not_exact_substring_of_evidence,,,,,
batch2::symptom_cause::f6fd705ca61a,haascnc_com_rotary_troubleshooting_guide_ngc,haascnc.com-Rotary - Troubleshooting Guide - NGC.pdf,20,20,alarm_fault_code,symptom_cause,What could cause Alarm 5.9945 on the Haas rotary unit?,"ENCODER Z FAULT Alarm 5.9945, 6.9945 or 7.9945 A, B or C AXIS SECONDARY ENCODER Z CHANNEL","ENCODER Z FAULT
Alarm 5.9945, 6.9945
or 7.9945 A, B or C
AXIS SECONDARY
ENCODER Z CHANNEL",likely_table_broken,,,,,
batch2::troubleshooting_step::393efe1fe102,haascnc_com_rotary_troubleshooting_guide_ngc,haascnc.com-Rotary - Troubleshooting Guide - NGC.pdf,23,23,troubleshooting_procedure,troubleshooting_step,How should I troubleshoot BRAKE WAS on the Haas rotary unit?,Test the solenoid. Pressure switch failure. Test the pressure switch to see if it is working.,"Test the solenoid.
Pressure switch
failure.
Test the pressure switch to see if it
is working.",likely_table_broken,,,,,
batch2::troubleshooting_step::40c27cc4d25f,haascnc_com_rotary_troubleshooting_guide_ngc,haascnc.com-Rotary - Troubleshooting Guide - NGC.pdf,24,24,troubleshooting_procedure,troubleshooting_step,How should I troubleshoot BRAKE WAS on the Haas rotary unit?,Compressed air can push chips under the brake plate and the platter.,"Compressed air
can push chips
under the brake
plate and the
platter.",likely_table_broken,,,,,
batch2::troubleshooting_step::94844992f583,haascnc_com_rotary_troubleshooting_guide_ngc,haascnc.com-Rotary - Troubleshooting Guide - NGC.pdf,24,24,troubleshooting_procedure,troubleshooting_step,How should I troubleshoot BRAKE WAS on the Haas rotary unit?,"compressor is turned off at night, and air pressure builds up slowly after","compressor is
turned off at
night, and air
pressure builds
up slowly after",likely_table_broken,,,,,
batch2::abstention_insufficient_evidence::e24fd51e177d,haascnc_com_rotary_troubleshooting_guide_ngc,haascnc.com-Rotary - Troubleshooting Guide - NGC.pdf,25,25,alarm_fault_code,abstention_insufficient_evidence,My Haas rotary unit is showing Alarm 9961; can you tell me the exact root cause right now without any live measurements?,"The available manual evidence is not sufficient to answer reliably; this question needs live operating data, site-specific conditions, or external diagnostics.",,short_evidence_quote; answer_not_exact_substring_of_evidence,,,,,
batch2::symptom_cause::425b1d6819ed,haascnc_com_rotary_troubleshooting_guide_ngc,haascnc.com-Rotary - Troubleshooting Guide - NGC.pdf,25,25,alarm_fault_code,symptom_cause,What could cause FAILURE on the Haas rotary unit?,e a reverse rotary file was enabled.,"e
a reverse rotary
file was
enabled.",short_evidence_quote; likely_table_broken,,,,,
batch2::cross_doc_multi::1faf4acddcaa,haascnc_com_rotary_troubleshooting_guide_ngc,haascnc.com-Rotary - Troubleshooting Guide - NGC.pdf,28,156,cross_doc_multi,cross_doc_multi,"When comparing the Haas rotary unit and PowerFlex 520-series drive manuals, what common cause or symptom pattern appears across both documents?",Both documents point to related evidence: FAULT) (Software has reportrd an internal fault of a type that is / Fault 4 Code 604 Freq 1 BW(1) 511 Mtr Options Cfg(2)(4) 573 Fault 4 Current 644 Freq 1 Ki(1) 522 MultiDrv Sel 169 Fault 4 Freq 634 Freq 1 Kp,"FAULT)
(Software has
reportrd an
internal fault of
a type that is

Fault 4 Code 604 Freq 1 BW(1) 511 Mtr Options Cfg(2)(4) 573
Fault 4 Current 644 Freq 1 Ki(1) 522 MultiDrv Sel 169
Fault 4 Freq 634 Freq 1 Kp(1) 521 Opt Data In 1 161
Fault 4 Time-hr 614 Freq 2(1) 512 Opt Data In 2 162
Fault 4 Time-min 624 Freq 2 BW(1) 513 Opt Data In 3 163",likely_table_broken; answer_not_exact_substring_of_evidence,,,,,
batch2::cross_doc_multi::60ec818c679f,haascnc_com_rotary_troubleshooting_guide_ngc,haascnc.com-Rotary - Troubleshooting Guide - NGC.pdf,29,155,cross_doc_multi,cross_doc_multi,"When comparing the Haas rotary unit and PowerFlex 520-series drive manuals, what common cause or symptom pattern appears across both documents?",Both documents point to related evidence: faulty.) (Inspect the cables and connectors. Refer to the Main Processor/Encoder Cable section below.) / EN Subnet Act 3(1) 699 Fault 7 Code(1) 607 HW Addr 6(1) 692 EN Subnet Act 4(1) 700 Fault 7 Current(1) 647 IR Voltage Drop 496 EN Subnet Cfg,"faulty.)
(Inspect the cables and
connectors. Refer to the Main
Processor/Encoder Cable section
below.)

EN Subnet Act 3(1) 699 Fault 7 Code(1) 607 HW Addr 6(1) 692
EN Subnet Act 4(1) 700 Fault 7 Current(1) 647 IR Voltage Drop 496
EN Subnet Cfg 1(1) 133 Fault 7 Freq(1) 637 Jog Accel/Decel 432
EN Subnet Cfg 2(1) 134 Fault 7 Time-hr(1) 617 Jog Frequency 431
EN Subnet Cfg 3(1) 135 Fault 7 Time-min(1) 627 Keypad Freq 426",likely_table_broken; answer_not_exact_substring_of_evidence,,,,,
batch2::troubleshooting_step::94cd953607c7,haascnc_com_rotary_troubleshooting_guide_ngc,haascnc.com-Rotary - Troubleshooting Guide - NGC.pdf,31,31,troubleshooting_procedure,troubleshooting_step,How should I troubleshoot CIRCUIT on the Haas rotary unit?,"Inspect the motor for short circuit condition and determine the cause. If it is found to be coolant related, replace the enclosure gasket on the servo motor housing or apply","Inspect the motor for short circuit
condition and determine the cause.
If it is found to be coolant related,
replace the enclosure gasket on
the servo motor housing or apply",,,,,,
batch2::troubleshooting_step::d9d32f52ae4d,haascnc_com_rotary_troubleshooting_guide_ngc,haascnc.com-Rotary - Troubleshooting Guide - NGC.pdf,34,34,troubleshooting_procedure,troubleshooting_step,How should I troubleshoot Tooling on the Haas rotary unit?,Examine the cutting tool for damage. Install a new tool or insert if the cutting tool is damaged or is not sharp.,Examine the cutting tool for damage. Install a new tool or insert if the cutting tool is damaged or is not sharp.,,,,,,
batch2::symptom_cause::7caaf40d58cb,haascnc_com_rotary_troubleshooting_guide_ngc,haascnc.com-Rotary - Troubleshooting Guide - NGC.pdf,36,36,alarm_fault_code,symptom_cause,What could cause Corrective Action on the Haas rotary unit?,and jog the axis.,"and jog the axis. If an alarm is generated, remove the necessary enclosure covers to access the faulty axis.
Rotate the axis motor drive pulley by hand. There is an internal mechanical bind if the axis cannot be rotated by
hand. The rotary unit needs to be serviced. For instructions on where to find a rotary repair facility and how to
send your rotary unit, go to ROTARY REPAIR on our website.",short_generated_answer; heading_like_question_subject,,,,,
batch2::troubleshooting_step::1669f3c503c3,haascnc_com_rotary_troubleshooting_guide_ngc,haascnc.com-Rotary - Troubleshooting Guide - NGC.pdf,37,37,troubleshooting_procedure,troubleshooting_step,How should I troubleshoot Brake Solenoid on the Haas rotary unit?,"Make sure the air supply is connected to the rotary unit. In MDI mode, push the rotary axis letter. Push [HAND JOG], and you should hear air go out from the rotary unit. For solenoid test instructions, refer to SOLENOID - TROUBLESHOOTING GUIDE.","Make sure the air supply is connected to the rotary unit. In MDI mode, push the rotary axis letter. Push [HAND
JOG], and you should hear air go out from the rotary unit. For solenoid test instructions, refer to SOLENOID -
TROUBLESHOOTING GUIDE.",,,,,,
batch2::safety_or_constraint::cdac355cd61f,haascnc_com_rotary_troubleshooting_guide_ngc,haascnc.com-Rotary - Troubleshooting Guide - NGC.pdf,44,44,installation_or_wiring,safety_or_constraint,What safety precaution or limit should I follow for HRT450 Brake Bleeding on the Haas rotary unit?,"HRT450 Brake Bleeding A fully extended rod indicates a full reservoir [1] After bleeding, the rod will stick out slightly less.","HRT450 Brake Bleeding
A fully extended rod indicates a full reservoir [1]
After bleeding, the rod will stick out slightly less.
Disconnect one of the oil lines and dip the tube in oil. Push and pull the rod to fill the reservoir. Reconnect the",,,,,,
batch2::troubleshooting_step::e8635bbd3627,haascnc_com_rotary_troubleshooting_guide_ngc,haascnc.com-Rotary - Troubleshooting Guide - NGC.pdf,49,49,maintenance_procedure,troubleshooting_step,How should I troubleshoot Leaking Pressure Switch on the Haas rotary unit?,Leaking Pressure Switch Install a 0-15 PSI pressure gauge on the enclosure cover.,"Leaking Pressure Switch
Install a 0-15 PSI pressure gauge on the enclosure cover. Do not actuate the rotary brake. Check the fittings,
airlines, and pressure switch for a leak if the gauge reads any pressure. If the pressure switch is the source of
the leak, replace the pressure switch and reseal the cover when reinstalling.",,,,,,
batch2::symptom_cause::a615fc2b462b,haascnc_com_rotary_troubleshooting_guide_ngc,haascnc.com-Rotary - Troubleshooting Guide - NGC.pdf,52,52,alarm_fault_code,symptom_cause,What could cause Serial Data Communication Faults / Electrical Noise on the Haas rotary unit?,"oder data cables. Axis motor power cables. Make sure there is a ferrite filter P/N 64-1252 installed in X, Y, Z axis motor power cables [1].","oder
data cables.
Axis motor power cables. Make sure there is a ferrite filter P/N 64-1252 installed in X, Y, Z
axis motor power cables [1].",likely_table_broken,,,,,
batch2::safety_or_constraint::f437edc2c740,rockwell_powerflex_520_series_user_manual_520_um001_en_e,rockwell_powerflex_520-series_user_manual_520-um001-en-e.pdf,18,18,safety_and_constraint,safety_or_constraint,What safety precaution or limit should I follow for Derating Guidelines for High Altitude on the PowerFlex 520-series drive?,Take precautions to prevent debris from falling through the vents of the drive housing during installation. Storage • Store within an ambient temperature range of -40…+85 °C,"Take precautions to prevent debris from falling through the vents of the drive
housing during installation.
Storage
• Store within an ambient temperature range of -40…+85 °C",,,,,,
batch2::symptom_cause::9950bc5de6e7,rockwell_powerflex_520_series_user_manual_520_um001_en_e,rockwell_powerflex_520-series_user_manual_520-um001-en-e.pdf,23,23,alarm_fault_code,symptom_cause,What could cause E09 on the PowerFlex 520-series drive?,"Rating) Circuit Breakers Hp kW Hp kW Class/Catalog Number. 140UT 140M/140MT(2)(3)(4) 25A-V1P6N104 — 0.25 0.2 0.25 0.2 1.6 0.8 6.4 A 100-C09 100-E09 CLASS CC, J, or T/15 140UT-D7D2-B80 140MT-C3E-B63","Rating) Circuit Breakers
Hp kW Hp kW Class/Catalog Number. 140UT 140M/140MT(2)(3)(4)
25A-V1P6N104 — 0.25 0.2 0.25 0.2 1.6 0.8 6.4 A 100-C09
100-E09 CLASS CC, J, or T/15 140UT-D7D2-B80 140MT-C3E-B63",,,,,,
batch2::parameter_or_fault_code::66c2945fe43e,rockwell_powerflex_520_series_user_manual_520_um001_en_e,rockwell_powerflex_520-series_user_manual_520-um001-en-e.pdf,40,40,parameter_and_configuration,parameter_or_fault_code,What is P045 [Stop Mode] used for on the PowerFlex 520-series drive?,• 3 = per P045 [Stop Mode] Per P045 [Stop Mode] 49 “3-Wire Start” Per P045 [Stop Mode] 50 “2-Wire REV”,"• 3 = per P045 [Stop Mode]
Per P045
[Stop Mode]
49 “3-Wire Start” Per P045 [Stop Mode]
50 “2-Wire REV”",likely_table_broken,,,,,
batch2::safety_or_constraint::43a0de76eb0a,rockwell_powerflex_520_series_user_manual_520_um001_en_e,rockwell_powerflex_520-series_user_manual_520-um001-en-e.pdf,43,43,safety_and_constraint,safety_or_constraint,What safety precaution or limit should I follow for Start Method Stop Method on the PowerFlex 520-series drive?,ward Program with t068 [DigIn TermBlk 08]. Current consumption is 6 mA. t068 C1 C1 – This terminal is tied to the RJ45 port shield. Tie this,"ward Program with t068 [DigIn TermBlk 08].
Current consumption is 6 mA. t068
C1 C1 –
This terminal is tied to the RJ45 port shield. Tie this",,,,,,
batch2::abstention_insufficient_evidence::dd18225fa17a,rockwell_powerflex_520_series_user_manual_520_um001_en_e,rockwell_powerflex_520-series_user_manual_520-um001-en-e.pdf,52,52,safety_and_constraint,abstention_insufficient_evidence,Can I confirm that the PowerFlex 520-series drive is safe to restart right now without现场 inspection or live electrical measurements?,"The available manual evidence is not sufficient to answer reliably; this question needs live operating data, site-specific conditions, or external diagnostics.",,short_evidence_quote; answer_not_exact_substring_of_evidence,,,,,
batch2::symptom_cause::c2e31809878a,rockwell_powerflex_520_series_user_manual_520_um001_en_e,rockwell_powerflex_520-series_user_manual_520-um001-en-e.pdf,60,60,alarm_fault_code,symptom_cause,What could cause Chapter 2 Startup on the PowerFlex 520-series drive?,default settings.,"default settings. To reset the drive, see parameter P053 [Reset to
Defaults]. To reset the communication adapters, see the user manual of
the adapter for more information.
13. Configure the basic program paramete rs that are related to the motor.
See Smart Startup with Basic Program Group Parameters on page 65.",short_generated_answer,,,,,
batch2::definition_or_component_lookup::f0d4f1ccd509,rockwell_powerflex_520_series_user_manual_520_um001_en_e,rockwell_powerflex_520-series_user_manual_520-um001-en-e.pdf,62,62,parameter_and_configuration,definition_or_component_lookup,What does drive refer to on the PowerFlex 520-series drive?,"Used to reverse direction of the drive. Default is active. Controlled by parameters P046, P048, and P050 [Start Source x] and A544 [Reverse Disable]. Start Used to start the drive. Default is active.","Used to reverse direction of the drive. Default is active.
Controlled by parameters P046, P048, and P050 [Start Source x]
and A544 [Reverse Disable].
Start Used to start the drive. Default is active.",definition_fallback_candidate,,,,,
batch2::definition_or_component_lookup::c23e9aef9569,rockwell_powerflex_520_series_user_manual_520_um001_en_e,rockwell_powerflex_520-series_user_manual_520-um001-en-e.pdf,72,73,parameter_and_configuration,definition_or_component_lookup,What does drive refer to on the PowerFlex 520-series drive?,"when the drive is running at 10 Hz, the Process Value is 1.66.","when the drive is running at 10 Hz, the Process Value is 1.66.
On the drive LCD display, only parameter b010 [Process Display] is shown.
In Connected Components Workbench software, parameter b010 [Process
Display] and b011 [Process Fract] are shown separately.",definition_fallback_candidate,,,,,
batch2::definition_or_component_lookup::a25dbc9a909e,rockwell_powerflex_520_series_user_manual_520_um001_en_e,rockwell_powerflex_520-series_user_manual_520-um001-en-e.pdf,84,84,parameter_and_configuration,definition_or_component_lookup,What does motor refer to on the PowerFlex 520-series drive?,Sets the motor nameplate rated frequency. Values Default: 60 Hz Min/Max: 15/500 Hz,"Sets the motor nameplate rated frequency.
Values
Default: 60 Hz
Min/Max: 15/500 Hz",definition_fallback_candidate; likely_table_broken,,,,,
batch2::abstention_insufficient_evidence::d9c6c45bfd10,rockwell_powerflex_520_series_user_manual_520_um001_en_e,rockwell_powerflex_520-series_user_manual_520-um001-en-e.pdf,87,87,parameter_and_configuration,abstention_insufficient_evidence,My PowerFlex 520-series drive is showing A530; can you tell me the exact root cause right now without any live measurements?,"The available manual evidence is not sufficient to answer reliably; this question needs live operating data, site-specific conditions, or external diagnostics.",,short_evidence_quote; answer_not_exact_substring_of_evidence,,,,,
batch2::parameter_or_fault_code::2f038b5a0c0b,rockwell_powerflex_520_series_user_manual_520_um001_en_e,rockwell_powerflex_520-series_user_manual_520-um001-en-e.pdf,89,89,parameter_and_configuration,parameter_or_fault_code,What does A497 indicate on the PowerFlex 520-series drive?,A497 [Flux Current Ref] A530 [Boost Select] A531 [Start Boost] A532 [Break Voltage] A533 [Break Frequency],"A497 [Flux Current Ref]
A530 [Boost Select]
A531 [Start Boost]
A532 [Break Voltage]
A533 [Break Frequency]",likely_table_broken,,,,,
batch2::symptom_cause::bbc99d2a0f44,rockwell_powerflex_520_series_user_manual_520_um001_en_e,rockwell_powerflex_520-series_user_manual_520-um001-en-e.pdf,93,93,alarm_fault_code,symptom_cause,What could cause Options Setting Output Changes State When... Hysteresis on the PowerFlex 520-series drive?,0 “Ready/Fault” Opto outputs are active when power is applie d.,"0 “Ready/Fault” Opto outputs are active when power is applie d. Indicates that the drive is ready for operation. Opto
outputs are inactive when power is removed or a fault occurs. None
1 “At Frequency” Drive reaches commanded frequency. 0.5 Hz above; 1.0 Hz below
2 “MotorRunning” Motor is receiving power from the drive. None
3 “Reverse” Drive is commanded to run in reverse direction. None",,,,,,
batch2::parameter_or_fault_code::69f556ba86d1,rockwell_powerflex_520_series_user_manual_520_um001_en_e,rockwell_powerflex_520-series_user_manual_520-um001-en-e.pdf,108,108,parameter_and_configuration,parameter_or_fault_code,What is can be programmed to control a relay or opto output used for on the PowerFlex 520-series drive?,"Any StepLogic parameter can be programmed to control a relay or opto output, but you cannot control different outputs based on the condition of different StepLogic commands.","Any StepLogic parameter can be programmed to control a relay or opto output, but you cannot control different outputs based on the condition of different StepLogic
commands.
PF 525
Step StepLogic Parameter Related Preset Frequency Parameter
(Can be activated independent of StepLogic Parameters)",likely_table_broken,,,,,
batch2::troubleshooting_step::6deb70402f26,rockwell_powerflex_520_series_user_manual_520_um001_en_e,rockwell_powerflex_520-series_user_manual_520-um001-en-e.pdf,119,119,troubleshooting_procedure,troubleshooting_step,How should I troubleshoot A437 on the PowerFlex 520-series drive?,"3...99“3...99% DutyCycle” IMPORTANT When A437 [DB Resistor Sel] is set to a value greater than “0”, the value set in parameter A550 [Bus Reg Enable] does not take effect.","3...99“3...99% DutyCycle”
IMPORTANT When A437 [DB Resistor Sel] is set to a value greater than “0”, the value set in parameter A550 [Bus Reg Enable] does
not take effect.
A438 [DB Threshold] Related Parameters: A437
Sets the DC bus voltage threshold for Dynamic Brake operation. If DC bus voltage rises above this level, Dynamic Brake turns on. Lower values make the dynamic braking",,,,,,
batch2::definition_or_component_lookup::77b2952b948a,rockwell_powerflex_520_series_user_manual_520_um001_en_e,rockwell_powerflex_520-series_user_manual_520-um001-en-e.pdf,126,126,parameter_and_configuration,definition_or_component_lookup,What does motor refer to on the PowerFlex 520-series drive?,"A493 [Motor OL Select] Related Parameters: P032, P033 Drive provides Class 10 overload protection. Settings 0…2 select the derating factor for the I 2t overload function. Options 0“ N o D e r a t e ” ( D e f a u l t )","A493 [Motor OL Select] Related Parameters: P032, P033
Drive provides Class 10 overload protection. Settings 0…2 select the derating factor for the I 2t overload function.
Options
0“ N o D e r a t e ” ( D e f a u l t )",definition_fallback_candidate,,,,,
batch2::symptom_cause::541871f7955b,rockwell_powerflex_520_series_user_manual_520_um001_en_e,rockwell_powerflex_520-series_user_manual_520-um001-en-e.pdf,134,134,alarm_fault_code,symptom_cause,What could cause A544 on the PowerFlex 520-series drive?,Options 0 “Disabled” (Default) 1“ E n a b l e d ” ATTENTION: Equipment damage and/or personal injury may result if this parameter is used in an inappropriate application.,"Options 0 “Disabled” (Default)
1“ E n a b l e d ”
ATTENTION: Equipment damage and/or personal injury may result if this parameter is used in an inappropriate
application. Do not use this function without considering applicable local, national, and international codes, standards,
regulations or industry guidelines.",,,,,,
batch2::abstention_insufficient_evidence::3c25d5f3a8f3,rockwell_powerflex_520_series_user_manual_520_um001_en_e,rockwell_powerflex_520-series_user_manual_520-um001-en-e.pdf,136,136,parameter_and_configuration,abstention_insufficient_evidence,My PowerFlex 520-series drive is showing A555; can you tell me the exact root cause right now without any live measurements?,"The available manual evidence is not sufficient to answer reliably; this question needs live operating data, site-specific conditions, or external diagnostics.",,short_evidence_quote; answer_not_exact_substring_of_evidence,,,,,
batch2::parameter_or_fault_code::c96a669b4ebf,rockwell_powerflex_520_series_user_manual_520_um001_en_e,rockwell_powerflex_520-series_user_manual_520-um001-en-e.pdf,145,145,parameter_and_configuration,parameter_or_fault_code,What does F659 indicate on the PowerFlex 520-series drive?,7 [Fault 7 BusVolts] F659 [Fault 9 BusVolts] Displays and stores the value of b005 [DC Bus Voltage] with the most recent 10 faults occurred.,"7 [Fault 7 BusVolts]
F659 [Fault 9 BusVolts]
Displays and stores the value of b005 [DC Bus Voltage] with the most recent 10 faults occurred.
[Fault 1 BusVolts] stores the most recent fault, [Fault2 BusVolts] stores the second most recent fault and [Fault 3 BusVolts] stores the third most recent fault.
Values",likely_table_broken,,,,,
batch2::abstention_insufficient_evidence::53cea5a5bd61,rockwell_powerflex_520_series_user_manual_520_um001_en_e,rockwell_powerflex_520-series_user_manual_520-um001-en-e.pdf,152,152,parameter_and_configuration,abstention_insufficient_evidence,What exact Groups AppView parameter groups provide a simple starting point for using the value should I apply on the PowerFlex 520-series drive for my current现场 condition if the manual does not include the needed operating data?,"The available manual evidence is not sufficient to answer reliably; this question needs live operating data, site-specific conditions, or external diagnostics.",,short_evidence_quote; answer_not_exact_substring_of_evidence,,,,,
batch2::abstention_insufficient_evidence::43d42d8772bf,rockwell_powerflex_520_series_user_manual_520_um001_en_e,rockwell_powerflex_520-series_user_manual_520-um001-en-e.pdf,155,155,parameter_and_configuration,abstention_insufficient_evidence,What exact Name No. Parameter Name No. Parameter Name No value should I apply on the PowerFlex 520-series drive for my current现场 condition if the manual does not include the needed operating data?,"The available manual evidence is not sufficient to answer reliably; this question needs live operating data, site-specific conditions, or external diagnostics.",,short_evidence_quote; answer_not_exact_substring_of_evidence,,,,,
batch2::cross_doc_multi::27d65fd15857,rockwell_powerflex_520_series_user_manual_520_um001_en_e,rockwell_powerflex_520-series_user_manual_520-um001-en-e.pdf,161,390,cross_doc_multi,cross_doc_multi,"When comparing the PowerFlex 520-series drive and Siemens S7-1200 PLC manuals, what common cause or symptom pattern appears across both documents?","Both documents point to related evidence: No. / the value in parameter ""Velocity"" is ignored.","No. Fault Type(1) Description Action
F000 No Fault — No fault present. —
F002 Auxiliary Input 1 External trip (Auxiliary) input.
• Check remote wiring.
• Verify communications

the value in parameter ""Velocity"" is ignored. (Default value: False)
JogBackward1 IN Bool As long as the parameter is TRUE, the axis moves in the negative
direction at the velocity specified in parameter ""Velocity"". The sign of
the value in parameter ""Velocity"" is ignored. (Default value: False)
Velocity IN Real Preset velocity for jog mode (Default value: 10.0)",likely_table_broken; answer_not_exact_substring_of_evidence,,,,,
batch2::symptom_cause::c4bf4cdb252b,rockwell_powerflex_520_series_user_manual_520_um001_en_e,rockwell_powerflex_520-series_user_manual_520-um001-en-e.pdf,161,161,alarm_fault_code,symptom_cause,What could cause A491 on the PowerFlex 520-series drive?,fault on signal loss. A signal loss has occurred. Configure with t094 [Anlg In V Loss] or t097 [Anlg In mA Loss].,"fault on signal loss. A signal loss
has occurred.
Configure with t094
[Anlg In V
Loss] or t097 [Anlg In mA Loss].",likely_table_broken,,,,,
batch2::cross_doc_multi::a3f480305579,rockwell_powerflex_520_series_user_manual_520_um001_en_e,rockwell_powerflex_520-series_user_manual_520-um001-en-e.pdf,163,17,cross_doc_multi,cross_doc_multi,"When comparing the PowerFlex 520-series drive and Grundfos pump manuals, what common cause or symptom pattern appears across both documents?",Both documents point to related evidence: • Clear fault or cycle power to the drive. • Replace drive or control module if fault cannot be cleared. F127 DSIFlashUpdatReq 2 / Warning and alarm ●● ● Actual warning or alarm ●● ● Warning log ●● ● Alarm log ●● ● Operating log ●● ●,"• Clear fault or cycle power to the
drive.
• Replace drive or control module if
fault cannot be cleared.
F127 DSIFlashUpdatReq 2

Warning and alarm ●● ●
Actual warning or alarm ●● ●
Warning log ●● ●
Alarm log ●● ●
Operating log ●● ●",likely_table_broken; answer_not_exact_substring_of_evidence,,,,,
batch2::safety_or_constraint::56ce6e9de26a,rockwell_powerflex_520_series_user_manual_520_um001_en_e,rockwell_powerflex_520-series_user_manual_520-um001-en-e.pdf,163,163,safety_and_constraint,safety_or_constraint,What safety precaution or limit should I follow for F091(3) Encoder Loss 2 on the PowerFlex 520-series drive?,settings. Do not remove or install the control module while power is applied. F106 Incompat C-P 2 The PowerFlex 525 control module,"settings. Do not remove or install the
control module while power is applied.
F106 Incompat C-P 2
The PowerFlex 525 control module",,,,,,
batch2::cross_doc_multi::d728add3e167,rockwell_powerflex_520_series_user_manual_520_um001_en_e,rockwell_powerflex_520-series_user_manual_520-um001-en-e.pdf,164,16,cross_doc_multi,cross_doc_multi,"When comparing the PowerFlex 520-series drive and Grundfos pump manuals, what common cause or symptom pattern appears across both documents?",Both documents point to related evidence: Drive is Faulted Flashing red status light Clear fault. / system as well as warnings and alarms. 3- Settings This menu gives acce ss to all setting parameters. You can make detailed settings,"Drive is Faulted Flashing red status light
Clear fault.
• Press Stop if P045 [Stop Mode] is set to a value between “0” and “3”.
•C y c l e d r i v e p o w e r .
•S e t A551 [Fault Clear] to 1 “Reset Fault” or 2 “Clear Buffer”.

system as well as warnings and alarms.
3-
Settings
This menu gives acce ss to all setting
parameters. You can make detailed settings",likely_table_broken; answer_not_exact_substring_of_evidence,,,,,
batch2::safety_or_constraint::b41e73a7b2ea,rockwell_powerflex_520_series_user_manual_520_um001_en_e,rockwell_powerflex_520-series_user_manual_520-um001-en-e.pdf,179,179,safety_and_constraint,safety_or_constraint,What safety precaution or limit should I follow for Panel Mount on the PowerFlex 520-series drive?,WARNING: Only the 25-ENC-1 Encoder works properly in the PowerFlex 525 drive.,"WARNING: Only the 25-ENC-1 Encoder works properly in the PowerFlex 525
drive. Installing an incorrect encoder card, such as the PowerFlex 527
25-ENC-2 causes damage to the PowerFlex 525 drive.
PowerFlex 520-series Drives Jumper Spare Kit",,,,,,
batch2::parameter_or_fault_code::f5dc10203845,rockwell_powerflex_520_series_user_manual_520_um001_en_e,rockwell_powerflex_520-series_user_manual_520-um001-en-e.pdf,183,183,parameter_and_configuration,parameter_or_fault_code,What does E012 indicate on the PowerFlex 520-series drive?,10.0 7.5 10.0 7.5 12.0 446…660 C 25-PM1-E012 15.0 11.0 15.0 11.0 19.0 446…660 D 25-PM1-E019 Output Ratings (Continued) Input Voltage Range,"10.0 7.5 10.0 7.5 12.0 446…660 C 25-PM1-E012
15.0 11.0 15.0 11.0 19.0 446…660 D 25-PM1-E019
Output Ratings (Continued)
Input
Voltage Range",likely_table_broken,,,,,
batch2::troubleshooting_step::2f93dc10722a,rockwell_powerflex_520_series_user_manual_520_um001_en_e,rockwell_powerflex_520-series_user_manual_520-um001-en-e.pdf,206,206,troubleshooting_procedure,troubleshooting_step,How should I troubleshoot Appendix C RS-485 (DSI) Protocol on the PowerFlex 520-series drive?,PowerFlex 520-series drive must also be connected to PE ground (there are two PE terminals on the drive).,"PowerFlex 520-series drive must also be connected to PE ground (there are two
PE terminals on the drive). The shield for the network cables should be
connected to PE ground at one end only.
I/O Terminal C2 (Comm Common) is internally tied to Network Common for
the network signals, and NOT to RJ45 Shield. Tying I/O Terminal C2 to PE",,,,,,
batch2::symptom_cause::c0d5fa7e0cf6,rockwell_powerflex_520_series_user_manual_520_um001_en_e,rockwell_powerflex_520-series_user_manual_520-um001-en-e.pdf,219,219,troubleshooting_procedure,symptom_cause,What could cause A459 on the PowerFlex 520-series drive?,"If enabled by P047, P049, or P051 [Speed Referencex], the encoder or pulse train is used directly as a commanded speed (normally used with a pulse train) or as a position reference (normally used with a quadrature encoder).","If enabled by P047, P049, or P051 [Speed Referencex], the encoder or
pulse train is used directly as a commanded speed (normally used with a
pulse train) or as a position reference (normally used with a quadrature
encoder).",,,,,,
batch2::troubleshooting_step::10085937c3d6,rockwell_powerflex_520_series_user_manual_520_um001_en_e,rockwell_powerflex_520-series_user_manual_520-um001-en-e.pdf,228,228,troubleshooting_procedure,troubleshooting_step,How should I troubleshoot A564 on the PowerFlex 520-series drive?,"e. Bit 2 “At Home” indicates whether the drive is at Home. If the drive is within A564 [Encoder Pos Tol] of “Home”, this bit will be active. Bit 3 “Drive Homed” indicates whether the drive has been homed","e.
Bit 2 “At Home” indicates whether the drive is at Home. If the drive is
within A564 [Encoder Pos Tol] of “Home”, this bit will be active.
Bit 3 “Drive Homed” indicates whether the drive has been homed",,,,,,
batch2::troubleshooting_step::f9c37d737016,rockwell_powerflex_520_series_user_manual_520_um001_en_e,rockwell_powerflex_520-series_user_manual_520-um001-en-e.pdf,228,228,troubleshooting_procedure,troubleshooting_step,How should I troubleshoot A564 on the PowerFlex 520-series drive?,"Appendix E Encoder/Pulse Train Usage and Position StepLogic Application d388, d389 [Units Traveled x] indicate the current position of the system in terms of units away from Home.","Appendix E Encoder/Pulse Train Usage and Position StepLogic Application
d388, d389 [Units Traveled x] indicate the current position of the system in
terms of units away from Home. Parameter d388 [Units Traveled H] is the
number value to the left of the decimal (whole number) and d389 [Units",,,,,,
batch2::safety_or_constraint::60e37c1f4dbb,rockwell_powerflex_520_series_user_manual_520_um001_en_e,rockwell_powerflex_520-series_user_manual_520-um001-en-e.pdf,240,240,safety_and_constraint,safety_or_constraint,What safety precaution or limit should I follow for Appendix G Safe Torque Off Function on the PowerFlex 520-series drive?,62061 / EN 61800-5-2 / IEC 61508. The TÜV Rheinland certificate can be found at rok.auto/certifications .,"62061 /
EN 61800-5-2 / IEC 61508.
The TÜV Rheinland certificate can be found at rok.auto/certifications
.",likely_table_broken,,,,,
batch2::safety_or_constraint::a034f2ed4e7a,rockwell_powerflex_520_series_user_manual_520_um001_en_e,rockwell_powerflex_520-series_user_manual_520-um001-en-e.pdf,241,241,safety_and_constraint,safety_or_constraint,What safety precaution or limit should I follow for Appendix G Safe Torque Off Function on the PowerFlex 520-series drive?,Appendix G Safe Torque Off Function A safety analysis of the machine section that is controlled by the drive is required to determine how often the safety function should be tested for proper operation during the life of,"Appendix G Safe Torque Off Function
A safety analysis of the machine section that is controlled by the drive is
required to determine how often the safety function should be tested for
proper operation during the life of the machine.",,,,,,
batch2::troubleshooting_step::7b911fa693cd,rockwell_powerflex_520_series_user_manual_520_um001_en_e,rockwell_powerflex_520-series_user_manual_520-um001-en-e.pdf,257,257,troubleshooting_procedure,troubleshooting_step,How should I troubleshoot Auto Tune Window on the PowerFlex 520-series drive?,Rotate Tune test.,"Rotate Tune test.
Rotate Tune (preferred for PM motor tuning)
This test is used when the motor is not coupled to the load or the load is low
friction. Rotate tune is generally used to better identify motor flux and stator
electrical properties, which are used to automatically tune the torque current",short_generated_answer,,,,,
batch2::troubleshooting_step::80dafbb48f39,rockwell_powerflex_520_series_user_manual_520_um001_en_e,rockwell_powerflex_520-series_user_manual_520-um001-en-e.pdf,267,267,troubleshooting_procedure,troubleshooting_step,How should I troubleshoot A590 on the PowerFlex 520-series drive?,Startup with No-Load adjustment procedure Frequency command setting higher than A590 [SYNRM SW Freq] 1. Increase A591 [SYNRM Flux Cur] 2. Adjust A595 [SYNRM Freq2 BW],"Startup with No-Load adjustment procedure
Frequency command setting
higher than A590 [SYNRM SW Freq]
1. Increase A591 [SYNRM Flux Cur]
2. Adjust A595 [SYNRM Freq2 BW]",likely_table_broken,,,,,
batch2::safety_or_constraint::5cef46e506e8,s71200_system_manual,s71200_system_manual.pdf,107,107,safety_and_constraint,safety_or_constraint,What safety precaution or limit should I follow for 4.5 Using a memory card on the Siemens S7-1200 PLC?,● The size of the overlaying parameter must be less than or equal to the size of the overlaid parameter.,"● The size of the overlaying parameter must be less than or equal to the size of the overlaid
parameter.
● The overlaying variable must be declared immediately after the variable that it overlays
and identified with the keyword ""AT"".",,,,,,
batch2::definition_or_component_lookup::983bb0652c3f,s71200_system_manual,s71200_system_manual.pdf,130,130,parameter_and_configuration,definition_or_component_lookup,What does cpu refer to on the Siemens S7-1200 PLC?,"parameter rem_staddr (only for TCP and ISO-on-TCP) 10 rem_tsap_id_len USInt Length of parameter rem_tsap_id used, in bytes; possible values:  TCP: 0 (passive) or 2 (active, default)","parameter rem_staddr (only for
TCP and ISO-on-TCP)
10 rem_tsap_id_len USInt Length of parameter rem_tsap_id used, in bytes; possible values:
 TCP: 0 (passive) or 2 (active, default)",definition_fallback_candidate; likely_table_broken,,,,,
batch2::definition_or_component_lookup::2a48874f784f,s71200_system_manual,s71200_system_manual.pdf,164,164,parameter_and_configuration,definition_or_component_lookup,What does controller refer to on the Siemens S7-1200 PLC?,"S7-1200 Programmable controller Effect of Ret_Val or Status parameters on ENO Some instructions, such as the communication instructions or the string conversion instructions, provide an output parameter that contains inf","S7-1200 Programmable controller
Effect of Ret_Val or Status parameters on ENO
Some instructions, such as the communication instructions or the string conversion
instructions, provide an output parameter that contains information about the processing of",definition_fallback_candidate,,,,,
batch2::parameter_or_fault_code::2ef899b5a5cd,s71200_system_manual,s71200_system_manual.pdf,192,192,parameter_and_configuration,parameter_or_fault_code,What is CV used for on the Siemens S7-1200 PLC?,"ere PV = 4).  If the value of parameter CV is equal to or greater than the value of parameter PV, then","ere PV =
4).
 If the value of parameter CV
is equal to or greater than the
value of parameter PV, then",likely_table_broken,,,,,
batch2::parameter_or_fault_code::35d31267a97d,s71200_system_manual,s71200_system_manual.pdf,201,201,parameter_and_configuration,parameter_or_fault_code,What is Data type1 Description used for on the Siemens S7-1200 PLC?,"Parameter Data type1 Description IN1 and IN2 SInt, Int, DInt, USInt, UInt, UDInt, Constant Modulo inputs OUT SInt, Int, DInt, USInt, UInt, UDInt Modulo output 1 The IN1, IN2, and OUTparameters must be the same data type.","Parameter Data type1 Description
IN1 and IN2 SInt, Int, DInt, USInt, UInt, UDInt, Constant Modulo inputs
OUT SInt, Int, DInt, USInt, UInt, UDInt Modulo output
1 The IN1, IN2, and OUTparameters must be the same data type.
Table 7- 42 ENO values",,,,,,
batch2::parameter_or_fault_code::697bdb37a1c6,s71200_system_manual,s71200_system_manual.pdf,240,240,parameter_and_configuration,parameter_or_fault_code,What is IN. The one used for on the Siemens S7-1200 PLC?,Not available Calculates the binary one's complement of the parameter IN.,"Not available Calculates the binary one's complement of the parameter IN. The one's
complement is formed by inverting each bit value of the IN parameter
(changing each 0 to 1 and each 1 to 0). ENO is always TRUE following
the execution of this instruction.
1 For LAD and FBD: Click the ""??? "" and select a data type from the drop-down menu.",,,,,,
batch2::parameter_or_fault_code::cb1b83af72ff,s71200_system_manual,s71200_system_manual.pdf,242,242,parameter_and_configuration,parameter_or_fault_code,What is OUT used for on the Siemens S7-1200 PLC?,"out := MUX( k:=_unit_in, in1:=variant_in, in2:=variant_in, [...in32:=variant_in,]","out := MUX(
k:=_unit_in,
in1:=variant_in,
in2:=variant_in,
[...in32:=variant_in,]",likely_table_broken,,,,,
batch2::parameter_or_fault_code::4856e38adb13,s71200_system_manual,s71200_system_manual.pdf,259,259,parameter_and_configuration,parameter_or_fault_code,What is IN is converted to a string referenced by parameter used for on the Siemens S7-1200 PLC?,The value represented by parameter IN is converted to a string referenced by parameter OUT.,"The value represented by parameter IN is converted to a string referenced by parameter
OUT. The parameter OUT must be a valid string before the conversion is executed.
The converted string will replace characters in the OUT string starting at character offset
count P to the number of characters specified by parameter SIZE. The number of characters
in SIZE must fit within the OUT string length, counting from character",,,,,,
batch2::parameter_or_fault_code::5a7d29b27333,s71200_system_manual,s71200_system_manual.pdf,264,264,parameter_and_configuration,parameter_or_fault_code,What is Chars used for on the Siemens S7-1200 PLC?,Chars:=_variant_inout_); The complete input string Strg is copied to an array of characters at IN_OUT parameter Chars. The operation overwrites bytes starting at array element number specified by the pChars parameter.,"Chars:=_variant_inout_);
The complete input string Strg is copied to an array of
characters at IN_OUT parameter Chars.
The operation overwrites bytes starting at array element
number specified by the pChars parameter.",,,,,,
batch2::abstention_insufficient_evidence::74578ef366e8,s71200_system_manual,s71200_system_manual.pdf,294,294,alarm_fault_code,abstention_insufficient_evidence,My Siemens S7-1200 PLC is showing and; can you tell me the exact root cause right now without any live measurements?,"The available manual evidence is not sufficient to answer reliably; this question needs live operating data, site-specific conditions, or external diagnostics.",,short_evidence_quote; answer_not_exact_substring_of_evidence,,,,,
batch2::symptom_cause::0ec4333c54a4,s71200_system_manual,s71200_system_manual.pdf,294,294,alarm_fault_code,symptom_cause,What could cause Other Bits Always 0 on the Siemens S7-1200 PLC?,"r:=_int_in_, dtime:=_time_in_, sign:=_word_in_); SRT_DINT starts a time delay interrupt that","r:=_int_in_,
dtime:=_time_in_,
sign:=_word_in_);
SRT_DINT starts a time delay interrupt that",likely_table_broken,,,,,
batch2::symptom_cause::a606799c6824,s71200_system_manual,s71200_system_manual.pdf,306,306,alarm_fault_code,symptom_cause,What could cause AddValue_4 UInt Additional value on the Siemens S7-1200 PLC?,#16#...) Description 0 No error n The data area in the DETAILS parameter is too small. Not all details of the diagnostic data can be,"#16#...)
Description
0 No error
n The data area in the DETAILS parameter is too small. Not all details of the diagnostic data can be",likely_table_broken,,,,,
batch2::parameter_or_fault_code::28a694c8bfa6,s71200_system_manual,s71200_system_manual.pdf,314,314,parameter_and_configuration,parameter_or_fault_code,What is can assign either retentive or non-retentive data elements in a used for on the Siemens S7-1200 PLC?,the number of columns specified in the header parameter.,"the number of columns specified in the header parameter.
The maximum number of data elements you can assign is 253 (with a timestamp) or 255
(without a timestamp). This restriction keeps your record inside the 256 column limit of an
Excel sheet.
The DATA parameter can assign either retentive or non-retentive data elements in a",,,,,,
batch2::cross_doc_multi::1348c484b0b5,s71200_system_manual,s71200_system_manual.pdf,321,155,cross_doc_multi,cross_doc_multi,"When comparing the Siemens S7-1200 PLC and PowerFlex 520-series drive manuals, what common cause or symptom pattern appears across both documents?",Both documents point to related evidence: REQ IN Bool A low to high (posit ive edge) signal starts the operation. / EN Rate Act(1) 685 Fault 6 BusVolts(1) 656 Half Bus Enable 549 EN Rate Cfg(1) 141 Fault 6 Code(1) 606 Home Save(1) 561 EN Rx Errors(1) 727 F,"REQ IN Bool A low to high (posit ive edge) signal starts the operation. (Default value: False)
ID In/Out DWord Numeric data l og identifier. Only used as an input for the DataLogWrite
instruction. (Default value: 0)
Note: Symbolic name access for this parameter is not allowed.
DONE OUT Bool The DONE bit is TRUE for one scan, after the last request was completed with

EN Rate Act(1) 685 Fault 6 BusVolts(1) 656 Half Bus Enable 549
EN Rate Cfg(1) 141 Fault 6 Code(1) 606 Home Save(1) 561
EN Rx Errors(1) 727 Fault 6 Current(1) 646 HW Addr 1(1) 687
EN Rx Overruns(1) 725 Fault 6 Freq(1) 636 HW Addr 2(1) 688
EN Rx Packets(1) 726 Fault 6 Time-hr(1) 616 HW Addr 3(1) 689",answer_not_exact_substring_of_evidence,,,,,
batch2::symptom_cause::42d25d39b83d,s71200_system_manual,s71200_system_manual.pdf,362,362,alarm_fault_code,symptom_cause,What could cause are on the Siemens S7-1200 PLC?,"9.2.5 PID_3STEP instruction ErrorBit parameters If several errors are pending, the values of the error codes are displayed by means of binary addition.","9.2.5 PID_3STEP instruction ErrorBit parameters
If several errors are pending, the values of the error codes are displayed by means of binary
addition. The display of error code 0003, for example, indicates that the errors 0001 and
0002 are also pending.",,,,,,
batch2::symptom_cause::ddfe23836d26,s71200_system_manual,s71200_system_manual.pdf,380,380,troubleshooting_procedure,symptom_cause,What could cause 9.3 Motion control on the Siemens S7-1200 PLC?,9.3 Motion control S7-1200 Programmable controller Table 9- 31 Parameters for the MC_Home instruction Parameter and type Data type Description,"9.3 Motion control
S7-1200 Programmable controller
Table 9- 31 Parameters for the MC_Home instruction
Parameter and type Data type Description",,,,,,
batch2::cross_doc_multi::7c34141bc8de,s71200_system_manual,s71200_system_manual.pdf,391,93,cross_doc_multi,cross_doc_multi,"When comparing the Siemens S7-1200 PLC and PowerFlex 520-series drive manuals, what common cause or symptom pattern appears across both documents?","Both documents point to related evidence: cause of the error can be found in parameters ""ErrorID"" and ""ErrorInfo"". / 13 “ParamControl” Output is directly controlled by the state of the t070 or t073 [Opto Outx Level].","cause of the error can be found in parameters ""ErrorID"" and
""ErrorInfo"".
ErrorID OUT Word Error ID for parameter ""Error"" (Default value: 0000)
ErrorInfo OUT Word Error info ID for parameter ""ErrorID"" (Default value: 0000)
1 If both the JogForward and JogBac kward parameters are simultaneously TRUE, the axis stops with the configured

13 “ParamControl” Output is directly controlled by the state of the t070 or t073 [Opto Outx Level]. A value of 0 causes the
output to turn off. A value of 1 or greater in this parameter causes the output to turn on. None
14 “NonRec Fault” • Value set in A541 [Auto Rstrt Tries] is exceeded or
• A541 [Auto Rstrt Tries] is not enabled or
• A non-resettable fault has occurred.",answer_not_exact_substring_of_evidence,,,,,
batch2::troubleshooting_step::996e8ec78d2e,s71200_system_manual,s71200_system_manual.pdf,395,395,troubleshooting_procedure,troubleshooting_step,How should I troubleshoot 9.3 Motion control on the Siemens S7-1200 PLC?,9.3 Motion control S7-1200 Programmable controller Parameter and type Data type Description ChangeRampUp IN Bool TRUE = Change ramp-up time in line with input parameter,"9.3 Motion control
S7-1200 Programmable controller
Parameter and type Data type Description
ChangeRampUp IN Bool TRUE = Change ramp-up time in line with input parameter",likely_table_broken,,,,,
batch2::abstention_insufficient_evidence::37021b0f0f92,s71200_system_manual,s71200_system_manual.pdf,410,410,parameter_and_configuration,abstention_insufficient_evidence,What exact Motion control instructions with the output parameter value should I apply on the Siemens S7-1200 PLC for my current现场 condition if the manual does not include the needed operating data?,"The available manual evidence is not sufficient to answer reliably; this question needs live operating data, site-specific conditions, or external diagnostics.",,short_evidence_quote; answer_not_exact_substring_of_evidence,,,,,
batch2::parameter_or_fault_code::707a70a7e52f,s71200_system_manual,s71200_system_manual.pdf,414,414,parameter_and_configuration,parameter_or_fault_code,Which setting or parameter matters for 9.3.6.2 Monitoring the MC_Velocity instruction on the Siemens S7-1200 PLC?,● The first example shows the behavior when the axis reaches the parameterized velocity.,"● The first example shows the behavior when the axis reaches the parameterized velocity.
If the motion control task has been executed by the time the parameterized velocity is
reached, this is indicated by the value TRUE in output parameter ""InVelocity"". The signal
status of the input parameter ""Execute"" influences the display duration in the output
parameter ""InVelocity"".",,,,,,
batch2::parameter_or_fault_code::f8290f56fc83,s71200_system_manual,s71200_system_manual.pdf,435,435,parameter_and_configuration,parameter_or_fault_code,What is for one used for on the Siemens S7-1200 PLC?,REQ.,"REQ. After a successful send operation, TSEND_C sets the DONE parameter for one
cycle.
● To establish a connection and send data, execute TSEND_C with CONT =1 and REQ =
1. After a successful send operation, TSEND_C sets the DONE parameter for one cycle.
TRCV_C operations",short_generated_answer; likely_table_broken,,,,,
batch2::parameter_or_fault_code::648fb9c7848f,s71200_system_manual,s71200_system_manual.pdf,445,445,parameter_and_configuration,parameter_or_fault_code,What is Value of the RCVD_LEN used for on the Siemens S7-1200 PLC?,"Parameter ""connection_type"" Value of the LEN parameter Value of the RCVD_LEN parameter (bytes) TCP Ad hoc mode B#16#11 65535 1 to 1472","Parameter
""connection_type""
Value of the LEN parameter Value of the RCVD_LEN
parameter (bytes)
TCP Ad hoc mode B#16#11 65535 1 to 1472",likely_table_broken,,,,,
batch2::parameter_or_fault_code::b92a1ebb4c29,s71200_system_manual,s71200_system_manual.pdf,453,453,parameter_and_configuration,parameter_or_fault_code,What is and type Data type Description used for on the Siemens S7-1200 PLC?,Parameter and type Data type Description BUSY Output Bool  0: The job is complete.  1: The job is not yet complete. A new job cannot be triggered. ERROR Output Bool Status parameters with the following values:,"Parameter and type Data type Description
BUSY Output Bool  0: The job is complete.
 1: The job is not yet complete. A new job cannot be
triggered.
ERROR Output Bool Status parameters with the following values:",,,,,,
batch2::parameter_or_fault_code::9c26585c3b2d,s71200_system_manual,s71200_system_manual.pdf,494,494,parameter_and_configuration,parameter_or_fault_code,What is assignment used for on the Siemens S7-1200 PLC?,10.5.4 GET/PUT connection parameter assignment The GET/PUT instructions connection parameter assignment is a user aid for configuring CPU-to-CPU S7 communication connections.,"10.5.4 GET/PUT connection parameter assignment
The GET/PUT instructions connection parameter assignment is a user aid for configuring
CPU-to-CPU S7 communication connections.
After inserting a GET or PUT block, the GET/PUT instructions connection parameter
assignment is started:",,,,,,
batch2::symptom_cause::760aaf3b136e,s71200_system_manual,s71200_system_manual.pdf,531,531,alarm_fault_code,symptom_cause,What could cause 11.3 User-defined web pages on the Siemens S7-1200 PLC?,"<p><input type=""hidden"" name='""Alarm""' value=""Tank is full"" /></p> <p><input type=""submit"" value='Set Tank is full' /><p> </form> Because the enum type defintion (Page 529) assigns ""Tank is full"" to the nume rical value 1,","<p><input type=""hidden"" name='""Alarm""' value=""Tank is full"" /></p>
<p><input type=""submit"" value='Set Tank is full' /><p>
</form>
Because the enum type defintion (Page 529) assigns ""Tank is full"" to the nume
rical value 1,",,,,,,
batch2::symptom_cause::f54d5dd79c44,s71200_system_manual,s71200_system_manual.pdf,566,566,alarm_fault_code,symptom_cause,What could cause Parameter Description on the Siemens S7-1200 PLC?,default port symbolic name can be selected from the parameter assistant drop-list.,"default port symbolic name can be selected from the parameter assistant drop-list. The assigned
CM or CB port value is the device configuration property ""hardware identifier"". The port symbolic
name is assigned in the ""Constants"" tab of the PLC tag table.
Bit time resolution Several param eters are specified in a number of bit times at the configured baud rate. Specifying
the parameter in bit times allows the paramet",,,,,,
batch2::troubleshooting_step::7973d2166e0b,s71200_system_manual,s71200_system_manual.pdf,574,574,troubleshooting_procedure,troubleshooting_step,How should I troubleshoot ENDCOND IN UInt on the Siemens S7-1200 PLC?,255 bytes RCVTIME IN UInt Specify how long to wait for the first character to be received. The receive operation will be terminated with an,"255 bytes
RCVTIME IN UInt
Specify how long to wait for the first character to be
received. The receive operation will be terminated with an",,,,,,
batch2::parameter_or_fault_code::2ef4969dae70,s71200_system_manual,s71200_system_manual.pdf,587,587,parameter_and_configuration,parameter_or_fault_code,What is De finition used for on the Siemens S7-1200 PLC?,Parameter De finition RTS On delay Specifies the amount of time to wait after activating RTS before transmission is initiated.,"Parameter De finition
RTS On delay Specifies the amount of time to wait after activating RTS before transmission is initiated.
The range is 0 to 65535 ms, with a default value of 0. This parameter is valid only when the
port configuration (Page 583) specifies hardware flow contr ol. CTS is evaluated after the
RTS On delay time has expired.",likely_table_broken,,,,,
batch2::parameter_or_fault_code::d3270ded640a,s71200_system_manual,s71200_system_manual.pdf,609,609,parameter_and_configuration,parameter_or_fault_code,What is and type Data type Description used for on the Siemens S7-1200 PLC?,Parameter and type Data type Description F_ACK IN Bool Fault acknowledge bit: This bit is set to reset the fault bit on a drive.,"Parameter and type Data type Description
F_ACK IN Bool Fault acknowledge bit: This bit is set to reset the fault bit on a drive.
The bit is set after the fault is cleared to indicate to the drive it no longer
needs to indicate the previous fault.
DIR IN Bool Drive direction control: This bit is set to indicate that the direction is",,,,,,
batch2::symptom_cause::73c1fe7915d8,s71200_system_manual,s71200_system_manual.pdf,629,629,alarm_fault_code,symptom_cause,What could cause value on the Siemens S7-1200 PLC?,"data has been written by a Modbus client DR OUT Bool Data Read: 0 = No dat a read, 1 = Indicates that data has been read by a Modbus client.","data has been
written by a Modbus client
DR OUT Bool Data Read: 0 = No dat a read, 1 = Indicates that data has been read by a
Modbus client.",likely_table_broken,,,,,
batch2::cross_doc_multi::55b622856596,s71200_system_manual,s71200_system_manual.pdf,640,162,cross_doc_multi,cross_doc_multi,"When comparing the Siemens S7-1200 PLC and PowerFlex 520-series drive manuals, what common cause or symptom pattern appears across both documents?",Both documents point to related evidence: is added to the Modbus default of 35 bit times (3.5 character times). / • Replace drive if fault cannot be cleared. F042 Phase UW Short F043 Phase VW Short F048 Params Defaulted 1 The drive was commanded to write,"is added to the Modbus default of 35 bit times (3.5 character times).
RETRIES Word Number of retries that the master will attempt before returning the no response
error code 0x80C8.
Table 12- 66 MB_COMM_LOAD execution condition codes 1
STATUS (W#16#) Description

• Replace drive if fault cannot be
cleared.
F042 Phase UW Short
F043 Phase VW Short
F048 Params Defaulted 1 The drive was commanded to write",answer_not_exact_substring_of_evidence,,,,,
batch2::symptom_cause::16b3b1b86a85,s71200_system_manual,s71200_system_manual.pdf,640,640,alarm_fault_code,symptom_cause,What could cause value on the Siemens S7-1200 PLC?,"12.5 Modbus communication S7-1200 Programmable controller Parameter and type Data type Description ERROR OUT Bool The ERROR bit is TRUE for one scan, after the last request was","12.5 Modbus communication
S7-1200 Programmable controller
Parameter and type Data type Description
ERROR OUT Bool The ERROR bit is TRUE for one scan, after the last request was",,,,,,
batch2::abstention_insufficient_evidence::dcc3343ce22b,s71200_system_manual,s71200_system_manual.pdf,642,642,alarm_fault_code,abstention_insufficient_evidence,My Siemens S7-1200 PLC is showing value; can you tell me the exact root cause right now without any live measurements?,"The available manual evidence is not sufficient to answer reliably; this question needs live operating data, site-specific conditions, or external diagnostics.",,short_evidence_quote; answer_not_exact_substring_of_evidence,,,,,
batch2::symptom_cause::3ae6382931d5,s71200_system_manual,s71200_system_manual.pdf,647,647,alarm_fault_code,symptom_cause,What could cause value on the Siemens S7-1200 PLC?,ange (1 to 247) Extended addressing range (0 to 65535) MB_HOLD_REG IN Variant Pointer to the Modbus Holding Register D B: The Modbus holding register can be M memory or a data block.,"ange (1 to 247)
Extended addressing range (0 to 65535)
MB_HOLD_REG IN Variant Pointer to the Modbus Holding Register D B: The Modbus holding
register can be M memory or a data block.",,,,,,
batch2::abstention_insufficient_evidence::347bab260c4d,s71200_system_manual,s71200_system_manual.pdf,670,670,troubleshooting_procedure,abstention_insufficient_evidence,What exact of the TSEND instruction value should I apply on the Siemens S7-1200 PLC for my current现场 condition if the manual does not include the needed operating data?,"The available manual evidence is not sufficient to answer reliably; this question needs live operating data, site-specific conditions, or external diagnostics.",,short_evidence_quote; answer_not_exact_substring_of_evidence,,,,,
